IDPEL,TARIF_LAMA,DAYA_LAMA,TARIF,DAYA,TGLBAYAR,M-7,M-6,M-5,M-4,M-3,M-2,M-1,M,M+1,M+2,M+3,M+4,M+5,M+6,M+7,MEAN_BEFORE,MEAN_AFTER,GROWTH_RATE
225000368258,S2T,900,S2T,5500,2022-04-03 20:11:00,,,205.5,0.0,0.0,0.0,215.8,0.0,0.0,0.0,0.0,103.9,103.9,103.9,103.9,70.21666666666667,59.371428571428574,-15.45
225000340003,S2T,900,S2T,2200,2022-04-08 10:43:32,,,205.5,0.0,0.0,0.0,102.8,123.0,0.0,123.0,0.0,61.5,0.0,123.0,0.0,71.88333333333334,43.92857142857143,-38.89
225021532627,S2,1300,S2,3500,2022-04-11 18:52:27,222.0,124.0,173.0,241.0,240.0,169.0,199.0,125.0,169.0,119.0,104.0,110.0,123.0,180.0,120.0,186.625,132.14285714285714,-29.19
225000287501,S2T,1300,S2T,2200,2022-04-14 09:13:27,,,66.1,0.0,0.0,66.1,0.0,66.1,61.5,0.0,0.0,61.5,0.0,61.5,61.5,33.05,35.142857142857146,6.33
225010013609,S2,3500,S2,4400,2022-04-14 09:14:44,261.0,253.0,264.0,269.0,260.0,247.0,291.0,483.0,454.0,297.0,331.0,289.0,289.0,328.0,301.0,291.0,327.0,12.37
225010044657,R2T,5500,R3T,11000,2022-04-15 13:17:42,,,415.8,761.8,415.6,554.0,692.8,703.2999999999998,374.4,748.8,848.7,848.8000000000001,848.8000000000001,1697.5999999999997,1379.1999999999998,590.55,963.7571428571428,63.2
225000006908,R1MT,900,R1T,2200,2022-04-15 20:34:49,,,13.9,69.2,138.4,69.2,138.4,133.9,355.9,0.0,323.5,64.7,388.2,64.7,323.5,93.83333333333331,217.2142857142857,131.49
225010068280,S2,900,S2,2200,2022-04-18 08:15:57,268.0,316.0,391.0,443.0,441.0,286.0,431.0,308.0,421.0,496.0,376.0,607.0,550.0,543.0,549.0,360.5,506.0,40.36
225010055492,S2,900,S2,4400,2022-04-18 12:48:59,133.0,75.0,59.0,55.0,57.0,62.0,68.0,106.0,86.0,68.0,72.0,72.0,65.0,74.0,66.0,76.875,71.85714285714286,-6.53
225010041798,S2,900,S2,2200,2022-04-19 11:23:17,316.0,310.0,301.0,303.0,320.0,292.0,301.0,356.0,304.0,290.0,279.0,276.0,253.0,258.0,250.0,312.375,272.85714285714283,-12.65
225010004922,S2,450,S2,2200,2022-04-19 14:02:24,334.0,342.0,330.0,337.0,326.0,217.0,414.0,333.0,324.0,317.0,323.0,319.0,287.0,304.0,313.0,329.125,312.42857142857144,-5.07
225000378967,B1T,900,B1T,5500,2022-04-23 11:05:01,,,0.0,0.0,0.0,29.7,0.0,0.0,0.0,0.0,85.0,85.0,85.0,85.0,85.0,4.95,60.71428571428572,1126.55
225000279349,R1T,1300,R2T,3500,2022-04-23 15:06:01,,,161.8,530.6,401.2000000000001,258.8,452.9,353.8,0.0,323.5,296.8,110.0,275.0,275.0,275.0,359.8500000000001,222.18571428571428,-38.26
225000279181,R1T,1300,R1T,2200,2022-04-23 15:07:17,,,258.8,388.2000000000001,129.4,129.4,452.9,418.5,0.0,323.5,647.0,129.4,323.5,323.5,323.5,296.2,295.7714285714286,-0.14
225000283543,R1T,1300,R1T,2200,2022-04-24 15:43:39,,,161.8,129.4,194.1,194.1,64.7,194.1,64.7,194.1,0.0,129.4,194.1,64.7,161.8,156.36666666666667,115.54285714285716,-26.11
225000155584,R1T,1300,R2T,5500,2022-04-26 14:34:57,,,142.4,129.4,0.0,0.0,129.6,32.4,0.0,0.0,0.0,0.0,0.0,0.0,1111.0,72.3,158.71428571428572,119.52
225000130543,B1T,900,B1T,3500,2022-04-27 20:25:45,,,445.2,296.8,371.0,148.4,0.0,29.7,0.0,255.0,85.0,255.0,170.0,170.0,170.0,215.1833333333333,157.85714285714286,-26.64
225010100004,S2,2200,S2,5500,2022-04-28 10:10:15,213.0,201.0,193.0,211.0,202.0,228.0,224.0,280.0,287.0,196.0,259.0,249.0,216.0,256.0,259.0,219.0,246.0,12.33
225094250634,S2,900,S2,2200,2022-04-28 10:13:30,47.0,37.0,42.0,42.0,44.0,44.0,59.0,78.0,61.0,46.0,47.0,43.0,38.0,41.0,49.0,49.125,46.42857142857143,-5.49
225000222816,S2T,450,S2T,2200,2022-04-28 13:33:56,,,0.0,0.0,143.8,0.0,0.0,0.0,0.0,0.0,0.0,0.0,0.0,0.0,0.0,23.96666666666667,0.0,-100.0
225000309909,B1T,2200,B1T,5500,2022-04-28 14:23:45,,,342.1,340.0,425.0,382.5,510.0,255.0,297.5,340.0,425.0,467.5,552.5,467.5,510.0,375.76666666666665,437.1428571428572,16.33
225000368848,S2T,1300,S2T,5500,2022-04-28 14:32:50,,,264.1,0.0,264.1,264.1,528.2,0.0,415.4,415.4,207.7,415.4,727.0,207.7,207.7,220.08333333333331,370.9,68.53
225000218319,R1MT,900,R1T,2200,2022-04-28 15:31:59,,,69.2,138.4,69.2,103.8,138.4,138.4,129.4,129.4,64.7,129.4,64.7,129.4,64.7,109.56666666666668,101.67142857142858,-7.21
225000375243,S2T,2200,S2T,7700,2022-05-09 09:52:29,,0.0,0.0,32.4,97.1,64.7,0.0,207.7,0.0,0.0,103.9,103.9,103.9,0.0,207.7,57.41428571428571,74.20000000000002,29.24
225000178667,R1T,1300,R2T,3500,2022-05-09 14:08:01,,194.1,258.8,258.8,258.8,258.8,258.8,258.8,258.8,330.0,330.0,385.0,330.0,330.0,330.0,249.55714285714288,327.6857142857143,31.31
225000369002,S2T,1300,S2T,3500,2022-05-10 07:35:21,,205.5,0.0,215.8,0.0,205.5,0.0,0.0,103.9,103.9,207.7,103.9,311.6,207.7,103.9,89.54285714285713,163.22857142857146,82.29
225000201609,R1T,900,R2T,5500,2022-05-10 10:59:45,,206.0,206.0,154.6,154.6,185.5,154.6,206.9,291.6,275.0,297.0,302.5,247.5,247.5,247.5,181.17142857142855,272.65714285714284,50.5
225000054613,R1MT,900,R2T,5500,2022-05-10 11:04:29,,346.0,311.40000000000003,207.6,276.8,346.0,276.8,364.9,355.9,385.0,385.0,330.0,385.0,275.0,357.5,304.2142857142857,353.3428571428572,16.15
225157007227,R1M,900,R1,2200,2022-05-10 11:33:23,380.0,451.0,397.0,465.0,382.0,467.0,431.0,421.0,321.0,295.0,300.0,343.0,373.0,0.0,0.0,424.25,233.14285714285717,-45.05
225000126331,S2T,450,S2T,2200,2022-05-12 08:50:56,,143.8,57.6,143.8,287.6,0.0,287.6,0.0,0.0,0.0,0.0,61.5,184.5,430.5,393.6,131.4857142857143,152.87142857142857,16.26
225000054700,R1MT,900,R1T,2200,2022-05-13 13:45:15,,138.3,138.3,172.9,0.0,138.3,138.3,138.3,258.8,271.8,129.4,129.4,129.4,258.8,258.8,123.4857142857143,205.2,66.17
225000111181,R1MT,900,R1T,2200,2022-05-13 13:50:06,,207.6,242.2,207.6,207.6,207.6,346.0,198.6,323.5,207.1,258.8,226.5,129.4,64.7,32.4,231.02857142857147,177.48571428571432,-23.18
225000263680,R1MT,900,R1T,2200,2022-05-15 15:57:02,,138.4,138.4,138.4,138.4,173.0,207.5,237.7,161.8,161.9,226.50000000000003,64.7,226.5,129.5,239.6,167.4,172.92857142857142,3.3
225000116996,R2T,3500,R2T,5500,2022-05-16 16:15:06,,582.3,614.6999999999999,647.0,647.0,711.6999999999999,388.2,647.0,647.0,880.0,825.0,550.0,1111.0,880.0,825.0,605.4142857142857,816.8571428571429,34.93
225000031618,S2T,450,S2T,5500,2022-05-16 16:23:48,,0.0,0.0,0.0,0.0,0.0,0.0,143.8,0.0,103.9,103.9,103.9,103.9,103.9,0.0,20.542857142857144,74.21428571428571,261.27
225174752546,R1M,900,R2,3500,2022-05-16 16:37:08,307.0,310.0,259.0,319.0,281.0,320.0,290.0,101.0,255.0,381.0,364.0,294.0,370.0,370.0,331.0,273.375,337.85714285714283,23.59
225000026677,R1MT,900,R1T,2200,2022-05-17 15:22:56,,207.5,207.5,138.3,207.5,414.9,0.0,0.0,323.5,129.4,129.4,258.8,323.5,0.0,323.5,167.95714285714283,212.58571428571423,26.57
225010158878,R1MT,900,R1T,2200,2022-05-20 13:46:34,,276.8,553.2,415.0,138.4,553.4,276.6,535.4000000000001,258.8,258.8,258.8,517.6,129.4,517.6,258.8,392.6857142857143,314.25714285714287,-19.97
225000230956,R1MT,900,R2T,3500,2022-05-20 14:41:17,,103.8,138.4,69.2,48.5,41.7,0.0,397.8999999999999,808.9000000000002,742.5,825.0,907.5,907.5,1100.0,990.0,114.2142857142857,897.342857142857,685.67
225000278267,R1T,1300,R2T,3500,2022-05-23 14:05:37,,388.2000000000001,323.5,388.2000000000001,517.6,388.2000000000001,388.2000000000001,388.2000000000001,582.3000000000001,550.0,660.0,770.0,550.0,495.0,715.0,397.4428571428572,617.4714285714286,55.36
225000336654,R1T,1300,R1T,2200,2022-05-24 09:02:48,,517.6,517.6,582.3000000000001,582.3000000000001,582.3000000000001,582.3000000000001,517.6,776.4,808.8000000000001,776.4,841.1,808.8,647.0,647.0,554.5714285714286,757.9285714285714,36.67
225000276509,R1T,1300,R1T,2200,2022-05-24 09:03:53,,129.4,64.7,129.4,129.4,323.5,129.4,64.7,194.1,323.5,194.1,226.5,129.4,129.4,194.1,138.64285714285714,198.72857142857148,43.34
225000230247,R1MT,900,R1T,2200,2022-05-26 10:07:18,,207.6,207.6,138.4,207.6,138.4,207.6,138.4,323.5,258.90000000000003,323.6,323.5,388.2,258.8,323.5,177.94285714285712,314.2857142857143,76.62
225000275834,R1T,2200,R2T,3500,2022-05-27 10:13:47,,129.4,0.0,0.0,323.5,0.0,0.0,0.0,323.5,0.0,0.0,275.0,275.0,0.0,0.0,64.7,124.78571428571428,92.87
225000261213,S2T,2200,S2T,3500,2022-05-27 11:01:44,,246.0,246.0,246.0,246.0,246.0,246.0,665.1,569.5,519.3,569.5,569.5,519.3,519.3,623.1999999999999,305.87142857142857,555.657142857143,81.66
225010004930,S2,1300,S2,2200,2022-05-30 08:07:18,196.0,224.0,225.0,217.0,216.0,275.0,383.0,376.0,292.0,345.0,333.0,295.0,317.0,336.0,327.0,264.0,320.7142857142857,21.48
225000185183,R1MT,900,R1T,2200,2022-05-30 14:08:12,,276.6,414.9,207.5,345.8,276.6,415.0,414.9,776.4,776.4,776.4,776.4,1035.2,970.5,970.5,335.90000000000003,868.8285714285714,158.66
225010165105,B1T,1300,B1T,5500,2022-08-23 19:11:22,0.0,19.4,0.0,0.0,19.4,0.0,0.0,19.4,0.0,424.9,1274.6999999999998,1274.6999999999998,1274.6999999999998,1274.6999999999998,849.8,7.274999999999999,910.5,12415.46
225010049086,B1T,1300,B1T,5500,2022-08-23 19:17:14,551.8,329.19999999999993,416.4,426.0,396.9999999999999,406.6,435.8,365.8,425.0,467.5,323.0,399.5,391.0,425.0,374.0,416.07499999999993,400.7142857142857,-3.69
225000386228,R1T,2200,R2T,3500,2022-08-24 13:40:23,0.0,0.0,0.0,0.0,0.0,0.0,194.1,184.4,165.0,220.0,330.0,330.0,220.0,247.5,275.0,47.3125,255.3571428571429,439.72
225000237356,R1MT,900,R1T,2200,2022-08-24 14:02:12,0.0,0.0,0.0,0.0,0.0,0.0,13.9,32.4,0.0,0.0,0.0,0.0,32.4,0.0,32.4,5.7875,9.257142857142856,59.95
225000383923,B1T,1300,B1T,2200,2022-08-25 08:38:23,0.0,0.0,0.0,96.8,0.0,0.0,0.0,0.0,0.0,0.0,0.0,0.0,0.0,0.0,0.0,12.1,0.0,-100.0
225000291571,R1T,2200,R2T,5500,2022-08-25 10:14:24,78.0,78.0,104.0,71.4,91.0,26.0,26.0,111.9,104.5,154.0,154.0,154.0,143.0,143.0,176.0,73.2875,146.92857142857142,100.48
225000276781,R1MT,900,R2T,5500,2022-08-25 10:18:22,207.6,207.6,221.5,138.4,103.8,276.8,276.8,317.6,330.0,220.0,385.0,220.0,330.0,220.0,330.0,218.7625,290.7142857142857,32.89
225000267209,R1T,1300,R2T,5500,2022-08-25 10:19:32,258.8,323.5,388.2,323.5,388.2,388.2000000000001,388.2000000000001,388.2000000000001,385.0,275.0,550.0,275.0,550.0,275.0,605.0,355.85,416.4285714285714,17.02
225000347822,R2T,3500,R2T,5500,2022-08-25 11:19:02,64.8,64.8,64.8,32.4,64.8,291.20000000000005,330.0,440.0,451.0,550.0,627.0,550.0,550.0,726.0,330.0,169.1,540.5714285714286,219.68
225010136707,R1,450,R1M,900,2022-08-25 11:58:21,276.0,250.0,267.0,331.0,335.0,220.0,350.0,312.0,292.0,260.0,301.0,312.0,331.0,310.0,359.0,292.625,309.2857142857143,5.69
225000309550,R1MT,900,R2T,5500,2022-08-25 14:26:56,276.6,276.6,276.7,276.6,345.8,276.6,276.6,386.6,825.0,550.0,660.0,825.0,550.0,440.0,825.0,299.01250000000005,667.8571428571429,123.35
225000391068,R1MT,900,R2T,5500,2022-08-25 14:27:44,0.0,0.0,0.0,0.0,0.0,0.0,69.2,34.6,27.5,110.0,82.5,121.0,82.5,82.5,82.5,12.975,84.07142857142857,547.95
225000315527,R1MT,900,R2T,5500,2022-08-25 14:28:47,69.2,97.0,83.1,69.2,48.5,41.7,27.8,199.6,522.5,742.5,825.0,660.0,797.5,660.0,687.5,79.5125,699.2857142857143,779.47
225000348666,R1MT,900,R1T,2200,2022-08-26 09:06:24,276.8,207.6,311.4,207.6,173.0,207.5,173.0,184.7,291.4,194.2,259.0,129.5,161.9,129.4,194.2,217.7,194.22857142857143,-10.78
225000080403,B1T,450,B1T,5500,2022-08-26 13:09:39,0.0,35.0,87.4,35.0,35.0,70.0,70.0,104.0,85.0,68.0,59.5,68.0,119.0,76.5,76.5,54.55,78.92857142857143,44.69
225075003216,R1,450,R1M,900,2022-08-26 14:27:44,261.0,246.0,275.0,274.0,296.0,275.0,299.0,274.0,284.0,289.0,301.0,322.0,322.0,263.0,300.0,275.0,297.2857142857143,8.1
225105754174,S2,450,S2,1300,2022-08-26 14:35:18,98.0,82.0,109.0,154.0,125.0,127.0,131.0,114.0,112.0,108.0,110.0,132.0,131.0,107.0,121.0,117.5,117.28571428571428,-0.18
225157000574,S2,2200,S2,5500,2022-08-26 14:36:15,157.0,130.0,124.0,165.0,167.0,187.0,178.0,239.0,248.0,209.0,0.0,0.0,0.0,0.0,0.0,168.375,65.28571428571429,-61.23
225000360737,R1T,1300,R2T,5500,2022-08-26 14:37:03,0.0,0.0,0.0,0.0,0.0,353.8,0.0,0.0,0.0,0.0,275.0,0.0,550.0,0.0,0.0,44.225,117.85714285714286,166.49
225000141702,B1T,1300,B1T,5500,2022-08-26 14:37:27,387.0,483.8,483.8,532.2,677.3,677.3,525.7,524.1,424.9,424.9,934.8,424.9,1019.7,0.0,1274.6,536.4,643.3999999999999,19.95
225010090620,R1M,900,R1,2200,2022-08-27 19:26:35,178.0,167.0,172.0,172.0,244.0,229.0,213.0,195.0,205.0,205.0,216.0,293.0,330.0,282.0,333.0,196.25,266.2857142857143,35.69
225000359011,R1T,2200,R2T,5500,2022-08-28 13:16:17,0.0,0.0,0.0,0.0,0.0,0.0,0.0,336.5,275.0,1100.0,0.0,0.0,1210.0,302.5,550.0,42.0625,491.07142857142856,1067.48
225032027236,S2,900,S2,1300,2022-08-29 07:51:16,176.0,150.0,141.0,95.0,94.0,96.0,126.0,118.0,149.0,137.0,157.0,179.0,174.0,172.0,210.0,124.5,168.28571428571428,35.17
225075008537,R1,450,R1M,900,2022-08-29 10:30:38,313.0,283.0,298.0,397.0,442.0,384.0,360.0,351.0,330.0,300.0,332.0,373.0,315.0,207.0,222.0,353.5,297.0,-15.98
225000396625,R1MT,900,R2T,5500,2022-08-29 11:07:17,0.0,0.0,0.0,0.0,0.0,0.0,0.0,241.9,396.0,385.0,385.0,275.0,550.0,165.0,495.0,30.2375,378.7142857142857,1152.47
225010090102,R1M,900,R2,4400,2022-08-29 13:19:05,232.0,250.0,258.0,264.0,244.0,258.0,255.0,258.0,349.0,405.0,363.0,427.0,367.0,358.0,377.0,252.375,378.0,49.78
225000263499,R1MT,900,R1T,2200,2022-08-29 13:35:11,138.4,69.2,69.2,69.2,69.2,69.2,69.2,0.0,129.4,129.4,0.0,129.4,194.1,0.0,0.0,69.2,83.1857142857143,20.21
225010078695,R2T,3500,R2T,5500,2022-08-30 10:19:11,77.8,142.6,161.9,161.8,97.2,129.6,110.0,137.5,170.0,170.0,127.5,212.5,170.0,170.0,212.5,127.3,176.07142857142858,38.31
225000280745,R1MT,900,R1T,2200,2022-08-30 15:08:49,152.90000000000003,166.80000000000004,13.9,0.0,55.6,90.2,97.3,54.7,78.0,103.8,97.2,129.6,97.2,97.2,90.8,78.92500000000001,99.11428571428571,25.58
225000318191,R1T,2200,R2T,5500,2022-08-30 16:20:07,0.0,0.0,353.8,0.0,711.7,0.0,353.8,323.5,1100.0,275.0,1100.0,550.0,550.0,0.0,825.0,217.85,628.5714285714286,188.53
225000280898,R1MT,900,R1T,1300,2022-08-31 07:15:27,276.8,345.9,207.6,138.4,173.0,242.2,415.1,138.4,258.8,291.2,388.4,226.5,291.29999999999995,194.2,226.5,242.175,268.12857142857143,10.72
225000337200,R1MT,900,R1T,1300,2022-08-31 08:30:05,553.2,34.6,276.6,138.3,0.0,138.3,376.2,376.0,353.8,0.0,194.1,258.8,129.4,258.8,129.4,236.65,189.1857142857143,-20.06
225000134791,R1MT,900,R1T,2200,2022-08-31 08:45:26,346.0,276.8,276.8,415.1,415.2,346.0,346.0,380.6,258.8,388.2,323.5,323.5,258.8,323.5,388.2,350.3125,323.5,-7.65
225000039595,R1T,450,R1MT,900,2022-08-31 10:53:58,0.0,0.0,0.0,112.6,0.0,45.1,112.6,90.2,69.2,69.2,117.70000000000002,69.2,173.0,118.1,167.0,45.0625,111.91428571428573,148.35
225000218263,R1MT,900,R2T,5500,2022-08-31 12:15:22,207.6,138.4,138.4,207.6,207.6,207.6,207.6,138.4,165.0,110.0,165.0,165.0,165.0,165.0,165.0,181.65,157.14285714285714,-13.49
225000222761,R1T,2200,R2T,5500,2022-08-31 12:16:19,129.4,129.4,129.4,161.8,194.1,97.1,161.8,161.8,165.0,165.0,110.0,220.0,110.0,137.5,148.5,145.60000000000002,150.85714285714286,3.61
225000222795,R1T,1300,R2T,5500,2022-08-31 12:17:00,258.8,194.1,284.8,271.8,271.8,323.5,258.90000000000003,142.6,247.5,110.0,192.5,247.5,220.0,220.0,220.0,250.7875,208.2142857142857,-16.98
225075000198,R1,450,R1M,900,2022-08-31 19:31:54,216.0,209.0,247.0,364.0,355.0,345.0,336.0,360.0,323.0,341.0,310.0,343.0,349.0,297.0,333.0,304.0,328.0,7.89
225000291011,R2T,3500,R2T,5500,2022-09-01 08:40:37,64.7,129.4,64.7,64.7,64.7,110.0,110.0,55.0,165.0,110.0,110.0,110.0,110.0,165.0,110.0,82.9,125.71428571428572,51.65
225000309497,R1MT,900,R1T,2200,2022-09-01 11:24:16,76.3,97.0,69.2,103.8,103.8,103.8,138.4,129.6,162.0,129.6,129.6,97.2,97.2,97.2,97.2,102.7375,115.71428571428577,12.63
225000322848,S2T,2200,S2T,5500,2022-09-01 11:28:04,0.0,0.0,0.0,860.9,0.0,0.0,675.1,622.8,519.3,1038.6,1142.5,1038.6,934.7,934.8,519.3,269.85,875.4,224.4
225000296692,S2T,2200,S2T,5500,2022-09-01 11:28:50,1045.5,1131.5,123.0,1107.0,984.0,738.0,1352.8,1661.8,1038.6,2077.2,519.3,1142.5,1038.6,519.3,311.6,1017.95,949.5857142857142,-6.72
225010004884,S2,2200,S2,5500,2022-09-02 08:40:02,499.0,586.0,845.0,715.0,612.0,741.0,617.0,798.0,1133.0,1217.0,1320.0,1311.0,1230.0,1529.0,2175.0,676.625,1416.428571428571,109.34
225010132367,B1,1300,B1,2200,2022-09-02 08:43:52,137.0,141.0,131.0,139.0,132.0,149.0,146.0,131.0,143.0,133.0,142.0,134.0,130.0,146.0,112.0,138.25,134.28571428571428,-2.87
225021534990,R1MT,900,R1T,2200,2022-09-02 09:50:40,311.40000000000003,429.00000000000006,429.00000000000006,387.7,290.7,221.5,311.40000000000003,425.1,420.6,446.6,420.6,433.6,259.0,401.5,323.7,350.725,386.5142857142857,10.2
225000365882,R1T,1300,R2T,5500,2022-09-02 10:52:33,0.0,323.5,0.0,0.0,353.8,0.0,0.0,110.0,55.0,110.0,55.0,110.0,110.0,55.0,110.0,98.4125,86.42857142857143,-12.18
225010011414,R1MT,900,R1T,2200,2022-09-02 14:22:31,0.0,0.0,0.0,138.3,359.6,414.9,414.9,452.9,647.0,647.0,970.5,388.2,647.0,582.4,744.4,222.575,660.9285714285714,196.95
225010144017,R1T,1300,R1T,2200,2022-09-05 07:40:48,194.1,194.1,194.1,258.8,194.1,194.1,194.1,0.0,129.4,323.5,323.5,0.0,323.5,323.5,0.0,177.925,203.3428571428572,14.29
225000057610,B1T,900,B1T,2200,2022-09-05 08:41:36,148.4,222.6,222.6,148.4,222.6,222.6,222.6,633.7,0.0,85.0,85.0,170.0,85.0,425.0,85.0,255.4375,133.57142857142858,-47.71
225010037896,R1MT,900,R2T,4400,2022-09-06 09:22:35,69.2,0.0,0.0,0.0,0.0,0.0,0.0,220.0,560.0,680.0,680.0,510.0,510.0,595.0,680.0,36.15,602.1428571428571,1565.68
225010149872,R1T,450,R1T,1300,2022-09-06 10:33:06,90.2,112.6,135.3,135.3,135.3,135.3,135.3,90.8,97.2,110.2,155.6,77.7,77.7,155.5,58.4,121.26250000000002,104.61428571428571,-13.73
225000134186,R1T,1300,R1T,2200,2022-09-06 14:06:10,531.0,563.4999999999999,673.6999999999998,614.9,595.5,576.4999999999999,582.8999999999999,420.7999999999999,582.5,517.6999999999999,517.6999999999999,550.0,485.4,582.3000000000001,647.0000000000001,569.8499999999999,554.6571428571428,-2.67
225075010050,R1,450,R1M,900,2022-09-06 20:13:49,259.0,245.0,295.0,318.0,246.0,213.0,231.0,303.0,215.0,208.0,242.0,230.0,208.0,235.0,233.0,263.75,224.42857142857144,-14.91
225000247250,R1T,2200,R2T,5500,2022-09-07 10:35:51,258.8,517.6,388.2000000000001,711.6999999999999,323.5,647.0,388.2,275.0,550.0,550.0,550.0,275.0,550.0,550.0,550.0,438.75,510.7142857142857,16.4
225010131818,R1T,2200,R2T,5500,2022-09-07 12:01:06,323.5,563.0,744.0999999999999,776.4,517.6,582.3,452.9,588.8,550.0,550.0,275.0,275.0,275.0,660.0,550.0,568.575,447.8571428571428,-21.23
225000080088,R1T,450,R1T,1300,2022-09-07 13:57:26,45.1,45.1,45.1,0.0,112.6,0.0,0.0,97.1,161.89999999999998,129.6,161.9,64.8,110.2,97.2,129.6,43.125,122.17142857142856,183.3
225000155700,B1T,1300,B1T,5500,2022-09-07 15:19:15,0.0,48.4,145.2,0.0,96.8,48.4,96.8,42.5,42.5,42.5,42.5,85.0,42.5,42.5,42.5,59.7625,48.57142857142857,-18.73
225000245575,R1T,2200,R2T,5500,2022-09-08 09:33:51,905.9000000000002,1099.9000000000003,1197.1000000000004,1216.7000000000005,1080.6000000000004,1112.9000000000003,1067.6000000000004,1133.8000000000002,1360.0,1275.0,1445.0,1360.0,1105.0,1360.0,1360.0,1101.8125000000005,1323.571428571429,20.13
225000347744,R1MT,900,R1T,1300,2022-09-08 14:12:45,207.5,207.6,345.9,207.6,207.6,276.8,207.5,263.3,323.5,258.8,291.2,323.5,258.8,258.8,388.2,240.475,300.4,24.92
225000059394,B1T,450,B1T,2200,2022-09-08 15:43:31,0.0,122.4,0.0,0.0,0.0,0.0,0.0,170.0,340.0,340.0,170.0,170.0,0.0,85.0,0.0,36.55,157.85714285714286,331.89
225000216690,S2T,3500,S2T,5500,2022-09-08 17:20:28,103.9,0.0,0.0,0.0,0.0,103.9,0.0,228.5,0.0,103.9,0.0,207.8,0.0,155.9,0.0,54.5375,66.8,22.48
225000056795,B1T,1300,B1T,5500,2022-09-09 09:13:44,261.4,358.19999999999993,280.8,329.19999999999993,338.7,329.19999999999993,348.49999999999994,127.5,382.5,297.5,340.0,382.5,212.5,357.0,331.5,296.6875,329.07142857142856,10.92
225000349229,S2T,450,S2T,900,2022-09-09 09:15:01,57.6,0.0,57.6,0.0,57.6,0.0,115.2,0.0,0.0,41.1,41.1,41.1,0.0,102.8,41.1,36.0,38.17142857142858,6.03
225000340705,R1MT,900,R1T,2200,2022-09-09 13:50:08,0.0,0.0,0.0,138.4,34.6,0.0,138.4,332.5,323.5,194.1,323.5,258.8,194.1,271.8,226.50000000000003,80.4875,256.04285714285714,218.12
225000361800,R1MT,900,R1T,2200,2022-09-11 13:44:43,173.0,242.2,138.4,207.6,152.3,138.4,138.4,129.4,194.1,129.4,97.1,129.4,258.8,194.1,129.4,164.9625,161.75714285714284,-1.94
225000253657,B1T,900,B1T,2200,2022-09-12 09:28:24,148.4,0.0,148.4,0.0,148.4,0.0,148.4,0.0,85.0,85.0,170.0,85.0,85.0,85.0,85.0,74.2,97.14285714285714,30.92
225000217452,R1MT,900,R1T,1300,2022-09-13 04:26:12,138.3,307.2,221.4,0.0,345.7,0.0,138.3,129.4,0.0,323.5,129.4,129.4,452.9,0.0,323.5,160.03750000000002,194.1,21.28
225000338946,R1T,450,R1MT,900,2022-09-13 11:26:15,0.0,0.0,0.0,0.0,0.0,0.0,225.2,138.4,345.8,207.5,207.5,138.4,346.0,207.6,276.6,45.45,247.0571428571428,443.58
225010029798,B1,1300,B1,2200,2022-09-13 15:26:29,751.0,848.0,862.0,1079.0,628.0,881.0,878.0,809.0,900.0,907.0,984.0,919.0,741.0,1036.0,679.0,842.0,880.8571428571429,4.61
225010021646,R1MT,900,R1T,1300,2022-09-13 15:45:23,276.8,311.40000000000003,484.3,359.9,346.0,429.0,415.2,401.7,388.2,452.9,323.5,388.2,323.5,388.2,388.2000000000001,378.0375,378.95714285714286,0.24
225010100556,B1,900,B1,1300,2022-09-14 08:49:57,577.0,685.0,545.0,596.0,599.0,763.0,664.0,685.0,550.0,455.0,482.0,442.0,346.0,404.0,260.0,639.25,419.8571428571428,-34.32
225010059164,R1,1300,R1,2200,2022-09-14 10:22:44,781.0,787.0,802.0,920.0,691.0,810.0,858.0,754.0,749.0,584.0,707.0,604.0,258.0,229.0,291.0,800.375,488.8571428571428,-38.92
225010144991,B1,4400,B1,5500,2022-09-14 12:02:31,301.0,413.0,348.0,468.0,603.0,527.0,493.0,496.0,469.0,509.0,659.0,456.0,413.0,439.0,267.0,456.125,458.8571428571428,0.6
225010060919,B1,1300,B1,2200,2022-09-14 14:21:07,735.0,838.0,958.0,1053.0,998.0,1039.0,1050.0,0.0,0.0,0.0,0.0,0.0,0.0,0.0,0.0,833.875,0.0,-100.0
225010120840,B1,1300,B1,2200,2022-09-15 10:54:14,371.0,551.0,645.0,993.0,923.0,805.0,799.0,648.0,893.0,626.0,652.0,598.0,427.0,439.0,762.0,716.875,628.1428571428571,-12.38
225000211076,R1T,2200,R2T,5500,2022-09-15 11:28:29,129.4,129.4,258.8,129.4,258.8,129.4,129.4,129.4,220.0,110.0,220.0,220.0,110.0,110.0,220.0,161.75,172.85714285714286,6.87
225010122080,R1,1300,R2,5500,2022-09-15 11:36:00,715.0,1082.0,1157.0,1238.0,931.0,1058.0,947.0,806.0,793.0,788.0,915.0,827.0,589.0,766.0,769.0,991.75,778.1428571428571,-21.54
225000369149,B1T,900,B1T,5500,2022-09-15 12:14:22,0.0,0.0,0.0,74.2,89.1,59.4,89.1,76.4,85.0,59.5,93.5,68.0,51.0,68.0,85.0,48.525,72.85714285714286,50.14
225000184356,R1MT,900,R2T,5500,2022-09-16 11:07:37,34.6,69.2,34.6,69.2,34.6,0.0,0.0,0.0,0.0,55.0,27.5,44.0,22.0,0.0,11.0,30.275,22.785714285714285,-24.74
225000336734,S2T,450,S2T,900,2022-09-16 12:38:39,0.0,0.0,302.0,0.0,0.0,0.0,0.0,0.0,0.0,102.8,0.0,102.8,205.5,0.0,0.0,37.75,58.72857142857144,55.57
225000371788,B1T,3500,B1T,5500,2022-09-16 14:25:30,85.0,144.5,102.0,85.0,144.5,102.0,68.0,51.0,93.5,85.0,136.0,110.5,93.5,85.0,68.0,97.75,95.92857142857144,-1.86
225021535001,R1M,900,R1,2200,2022-09-18 18:43:47,444.0,489.0,509.0,632.0,462.0,486.0,498.0,396.0,441.0,442.0,394.0,427.0,354.0,418.0,448.0,489.5,417.7142857142857,-14.67
225010136005,R1,450,R1,1300,2022-09-19 09:09:07,18.0,20.0,20.0,8.0,6.0,3.0,0.0,0.0,0.0,0.0,0.0,0.0,0.0,0.0,0.0,9.375,0.0,-100.0
225010010452,B1,2200,B1,3500,2022-09-19 09:34:57,1274.0,1634.0,1640.0,1883.0,1622.0,1669.0,1553.0,1284.0,1510.0,1509.0,1570.0,1490.0,1390.0,1630.0,1565.0,1569.875,1523.428571428571,-2.96
225010144606,B1,1300,B1,2200,2022-09-19 09:39:05,681.0,906.0,983.0,1097.0,868.0,760.0,791.0,683.0,706.0,715.0,806.0,699.0,602.0,981.0,1137.0,846.125,806.5714285714286,-4.67
225000349012,R1T,1300,R2T,3500,2022-09-19 09:39:05,0.0,0.0,0.0,0.0,0.0,0.0,161.8,129.4,0.0,275.0,0.0,385.0,275.0,0.0,550.0,36.400000000000006,212.14285714285717,482.81
225000116316,R1T,450,R1MT,900,2022-09-20 10:56:14,45.1,90.2,90.2,135.3,135.3,180.4,135.3,59.0,139.00000000000003,139.00000000000003,139.00000000000003,143.0,128.7,143.0,143.0,108.85,139.24285714285716,27.92
225000378888,B1T,900,B1T,5500,2022-09-20 14:04:50,0.0,296.8,148.4,296.8,296.7,148.4,296.8,296.7,340.0,510.0,680.0,510.0,510.0,680.0,680.0,222.575,558.5714285714286,150.96
225000034139,R1MT,900,R1T,1300,2022-09-20 15:01:27,207.6,173.0,207.6,242.2,207.6,173.0,207.6,133.9,194.1,239.5,258.9,258.8,194.2,291.2,258.8,194.0625,242.2142857142857,24.81
225000237078,R1MT,900,R1T,2200,2022-09-20 16:39:03,207.6,276.8,276.8,242.2,221.5,214.7,242.2,170.8,226.5,328.29999999999995,252.8,233.3,162.0,226.6,258.8,231.575,241.18571428571428,4.15
225000327641,B1T,2200,B1T,5500,2022-09-20 17:06:55,59.5,0.0,34.0,42.5,0.0,42.5,42.5,0.0,85.0,0.0,0.0,0.0,17.0,34.0,17.0,27.625,21.857142857142858,-20.88
225010067869,R1MT,900,R1T,2200,2022-09-22 15:44:31,0.0,0.0,0.0,0.0,0.0,0.0,0.0,323.5,582.3,711.8000000000001,711.9,744.1999999999999,517.6999999999999,453.00000000000006,582.3,40.4375,614.7428571428571,1420.23
225000391553,R1T,1300,R1T,2200,2022-09-23 10:10:14,0.0,0.0,0.0,0.0,0.0,64.7,64.7,0.0,64.7,64.7,0.0,64.7,64.7,64.7,64.7,16.175,55.457142857142856,242.86
225010101421,R1M,900,R1,1300,2022-09-23 10:15:05,134.0,147.0,154.0,159.0,145.0,145.0,168.0,151.0,166.0,165.0,175.0,169.0,157.0,155.0,150.0,150.375,162.42857142857142,8.02
225010076202,B1T,1300,B1T,3500,2022-09-25 21:41:53,0.0,19.4,0.0,0.0,0.0,48.4,0.0,472.0,552.5,510.0,510.0,680.0,510.0,510.0,510.0,67.475,540.3571428571429,700.83
225000178841,R1T,2200,R2T,5500,2022-09-26 09:23:37,517.6,841.0999999999999,517.6,563.0,517.6,388.2000000000001,582.3,573.9,605.0,495.0,687.5,770.0,467.5,440.0,495.0,562.6624999999999,565.7142857142857,0.54
225157000063,B1T,2200,B1T,5500,2022-09-26 09:25:43,170.0,102.0,170.0,85.0,187.0,170.0,170.0,212.5,212.5,127.5,272.0,255.0,297.5,357.0,340.0,158.3125,265.92857142857144,67.98
225000338721,R1T,450,R1T,2200,2022-09-26 09:47:09,112.6,0.0,112.6,112.6,112.6,135.3,112.6,112.6,90.8,142.5,129.6,58.4,103.8,90.8,123.2,101.3625,105.58571428571427,4.17
225000201227,R1MT,900,R1T,1300,2022-09-26 13:47:17,131.6,125.10000000000002,145.8,139.00000000000003,131.9,41.7,34.6,0.0,0.0,0.0,64.7,0.0,0.0,129.4,0.0,93.71250000000002,27.72857142857143,-70.41
225105750508,R1M,900,R1,1300,2022-09-26 14:22:50,213.0,193.0,165.0,174.0,187.0,183.0,138.0,0.0,0.0,0.0,0.0,0.0,0.0,0.0,0.0,156.625,0.0,-100.0
225000024417,B1T,900,B1T,5500,2022-09-27 09:35:21,29.7,74.2,74.2,0.0,29.7,103.9,0.0,74.2,0.0,170.0,170.0,85.0,127.5,170.0,170.0,48.2375,127.5,164.32
225010011103,R1MT,900,R2T,5500,2022-09-27 10:05:12,69.5,41.7,13.9,69.5,41.7,41.7,69.2,0.0,225.0,255.0,340.0,340.0,255.0,255.0,255.0,43.400000000000006,275.0,533.64
225010120899,R1M,900,R1,2200,2022-09-27 14:14:42,219.0,279.0,331.0,289.0,300.0,301.0,282.0,247.0,232.0,246.0,284.0,265.0,238.0,254.0,304.0,281.0,260.42857142857144,-7.32
225010129514,S2,900,S2,2200,2022-09-27 14:14:47,77.0,152.0,159.0,155.0,155.0,131.0,109.0,96.0,113.0,132.0,132.0,119.0,111.0,169.0,239.0,129.25,145.0,12.19
225000298805,R1MT,900,R1T,1300,2022-09-27 19:06:54,69.2,34.6,138.4,34.6,27.8,13.9,13.9,276.6,452.9,323.5,323.5,323.5,0.0,323.5,323.5,76.125,295.7714285714286,288.53
225010142167,R1M,900,R1,1300,2022-09-28 07:46:30,208.0,225.0,213.0,225.0,224.0,207.0,181.0,184.0,186.0,204.0,210.0,246.0,187.0,232.0,234.0,208.375,214.14285714285717,2.77
225010140806,P1,900,P1,2200,2022-09-28 10:50:37,26.0,28.0,128.0,37.0,71.0,33.0,39.0,28.0,33.0,66.0,33.0,35.0,30.0,32.0,30.0,48.75,37.0,-24.1
225010149504,P1,900,P1,5500,2022-09-28 11:21:58,56.0,62.0,63.0,94.0,65.0,60.0,64.0,100.0,124.0,147.0,124.0,117.0,130.0,153.0,152.0,70.5,135.28571428571428,91.89
225115253213,R1T,2200,R2T,5500,2022-09-28 13:26:00,388.2,517.6,776.4,258.8,517.6,517.6,647.0,922.0,550.0,605.0,412.5,770.0,550.0,825.0,825.0,568.15,648.2142857142857,14.09
225000299259,R1T,1300,R1T,2200,2022-09-28 16:22:03,323.5,353.8,323.5,353.8,647.0,353.8,353.8,0.0,323.5,647.0,129.4,452.9,323.5,161.8,647.0,338.65,383.5857142857144,13.27
225000320756,B1T,900,B1T,2200,2022-09-29 05:49:21,296.8,148.4,148.4,296.8,148.4,296.8,296.8,296.8,255.0,170.0,255.0,255.0,425.0,340.0,425.0,241.15000000000003,303.57142857142856,25.88
225010104356,S2,3500,S2,5500,2022-09-29 10:46:59,234.0,260.0,315.0,198.0,240.0,232.0,180.0,184.0,215.0,214.0,236.0,205.0,209.0,228.0,270.0,230.375,225.28571428571428,-2.21
225000283145,S2T,1300,S2T,5500,2022-09-29 14:25:48,132.1,0.0,0.0,0.0,66.1,0.0,66.1,132.2,52.0,104.0,52.0,103.9,207.9,52.0,103.9,49.5625,96.52857142857142,94.76
225165500543,B1T,450,B1T,900,2022-09-29 19:46:39,122.4,140.0,157.4,140.0,175.0,140.0,175.0,140.0,252.3,163.3,178.2,178.2,148.5,178.2,207.9,148.725,186.65714285714284,25.5
225000207495,R1MT,900,R1T,1300,2022-09-30 09:05:30,0.0,0.0,0.0,0.0,0.0,0.0,0.0,69.2,13.0,0.0,0.0,0.0,13.0,0.0,0.0,8.65,3.7142857142857135,-57.06
225010078829,R1,450,R1M,900,2022-09-30 09:51:05,121.0,154.0,156.0,161.0,149.0,150.0,136.0,130.0,171.0,166.0,179.0,171.0,150.0,180.0,178.0,144.625,170.71428571428572,18.04
225000163986,B1T,900,B1T,5500,2022-09-30 10:03:38,178.1,296.7,296.7,367.2,367.2,148.4,367.2,0.0,340.0,382.5,425.0,382.5,425.0,510.0,510.0,252.6875,425.0,68.19
225000066711,R1T,1300,R1T,2200,2022-09-30 11:33:53,0.0,323.5,0.0,323.5,323.5,0.0,323.5,0.0,323.5,0.0,0.0,323.5,0.0,323.5,129.4,161.75,157.12857142857143,-2.86
225000231967,R1MT,900,R1T,2200,2022-09-30 13:24:15,69.2,103.8,103.8,83.1,117.70000000000002,103.8,69.2,103.8,129.6,129.5,226.6,129.5,129.6,129.6,162.0,94.3,148.05714285714288,57.01
225000299114,S2T,900,S2T,2200,2023-03-20 14:25:25,0.0,102.8,102.8,41.1,82.2,123.3,102.8,102.8,24.6,110.7,123.0,123.0,246.0,0.0,184.5,82.225,115.97142857142856,41.04
225000194903,R1MT,900,R2T,3500,2023-03-21 11:33:55,69.2,69.2,69.2,138.4,69.2,69.2,138.4,0.0,110.0,93.5,110.0,55.0,110.0,137.5,55.0,77.85,95.85714285714286,23.13
225115254471,S2T,450,S2T,900,2023-03-21 15:23:04,0.0,287.6,0.0,0.0,287.6,0.0,0.0,493.1,0.0,205.5,0.0,205.5,0.0,205.5,0.0,133.53750000000002,88.07142857142857,-34.05
225032041103,R1,450,R1M,900,2023-03-21 16:15:58,307.0,291.0,296.0,305.0,290.0,329.0,243.0,149.0,298.0,298.0,280.0,314.0,333.0,288.0,322.0,276.25,304.7142857142857,10.3
225052750020,S2,450,S2,1300,2023-03-22 09:11:05,39.0,38.0,38.0,40.0,34.0,32.0,32.0,133.0,170.0,103.0,63.0,64.0,67.0,66.0,77.0,48.25,87.14285714285714,80.61
225157002657,S2T,900,S2T,2200,2023-03-22 15:08:27,0.0,0.0,0.0,0.0,143.8,0.0,57.6,435.2000000000001,61.5,61.5,123.0,61.5,61.5,61.5,123.0,79.57500000000002,79.07142857142857,-0.63
225000392116,R1T,1300,R1T,2200,2023-03-23 14:06:06,69.2,34.6,34.6,103.8,69.2,129.4,258.8,258.8,323.5,194.1,323.5,258.90000000000003,388.2,323.6,388.2,119.8,314.2857142857143,162.34
225000260277,R1T,900,R2T,5500,2023-03-24 09:55:20,154.5,154.5,154.5,154.5,0.0,309.0,0.0,309.0,0.0,165.0,165.0,165.0,110.0,220.0,220.0,154.5,149.28571428571428,-3.37
225000224327,R1MT,900,R1T,2200,2023-03-24 09:57:21,276.6,276.6,138.3,276.70000000000005,207.5,207.5,207.5,600.1,0.0,161.8,258.8,194.1,258.8,129.4,129.4,273.85,161.75714285714284,-40.93
225000393749,B1T,1300,B1T,5500,2023-03-24 13:57:19,483.9,484.0,483.9,580.5,580.7,387.0,483.8,460.3,850.0,1020.0,935.0,764.9,935.0,1105.0,680.0,493.0125000000001,898.5571428571428,82.26
225000193208,R1T,1300,R1T,2200,2023-03-24 20:32:30,138.4,138.4,69.2,138.4,69.2,147.0,97.1,97.1,129.5,64.7,129.4,129.4,129.4,129.4,129.4,111.85,120.17142857142856,7.44
225010065131,B1,2200,B1,3500,2023-03-25 11:43:25,1223.0,1337.0,1374.0,1504.0,1637.0,1728.0,1599.0,1316.0,1215.0,1461.0,1171.0,1301.0,1425.0,1270.0,1405.0,1464.75,1321.142857142857,-9.8
225000073938,S2T,2200,S2T,5500,2023-03-27 06:34:56,0.0,0.0,0.0,183.0,0.0,0.0,0.0,0.0,0.0,0.0,1350.1,0.0,0.0,1038.5,0.0,22.875,341.2285714285714,1391.71
225000174012,R1T,1300,R1T,2200,2023-03-27 11:27:00,97.2,97.1,97.1,64.7,64.7,129.4,64.7,129.4,129.4,194.1,129.4,194.1,129.4,97.1,129.4,93.0375,143.27142857142857,53.99
225000222077,R1MT,900,R2T,5500,2023-03-29 06:12:31,276.8,276.8,276.8,276.8,276.8,346.0,276.8,207.6,412.5,55.0,165.0,165.0,165.0,165.0,110.0,276.8,176.78571428571428,-36.13
225000183855,R1MT,900,R1T,1300,2023-03-29 13:47:53,0.0,0.0,0.0,0.0,69.2,103.8,34.6,207.5,0.0,64.7,0.0,0.0,0.0,0.0,0.0,51.8875,9.242857142857144,-82.19
225000080989,R1T,450,R1T,2200,2023-03-29 15:14:39,90.2,45.1,135.3,202.8,0.0,157.7,135.3,255.0,129.4,129.4,129.4,129.4,129.4,258.8,258.8,127.675,166.37142857142857,30.31
225000277528,R1T,2200,R2T,5500,2023-03-29 15:15:21,711.7000000000002,647.0000000000001,711.7000000000002,711.7000000000002,711.7000000000002,711.7,841.1000000000003,831.4000000000002,1127.5,1155.0,1045.0,935.0,990.0,825.0,935.0,734.7500000000001,1001.7857142857144,36.34
225000042485,R1T,450,R1MT,900,2023-03-30 13:00:19,0.0,0.0,45.1,0.0,0.0,0.0,112.6,0.0,0.0,0.0,0.0,0.0,69.2,34.6,34.6,19.7125,19.77142857142857,0.3
225010080406,R1,1300,R1,2200,2023-03-30 13:47:04,638.0,639.0,664.0,698.0,727.0,707.0,556.0,665.0,860.0,750.0,436.0,676.0,693.0,621.0,746.0,661.75,683.1428571428571,3.23
225000157140,B1T,900,B1T,4400,2023-03-30 20:09:23,29.7,29.7,29.7,29.7,0.0,370.9,296.7,0.0,382.5,340.0,382.5,297.5,425.0,340.0,340.0,98.29999999999998,358.2142857142857,264.41
225000402473,R1T,1300,R2T,5500,2023-03-31 10:32:49,0.0,0.0,0.0,0.0,32.4,64.7,0.0,64.7,0.0,0.0,55.0,0.0,55.0,55.0,55.0,20.225,31.428571428571427,55.39
225000414117,B1T,900,B1T,5500,2023-03-31 10:47:43,0.0,0.0,0.0,0.0,0.0,593.4,148.4,593.4,1147.3,1121.7,892.5,679.9,764.9,595.0,1275.0,166.89999999999998,925.1857142857144,454.34
225000087753,R1T,2200,R2T,4400,2023-03-31 20:11:05,71.4,129.6,90.8,64.8,32.4,32.4,97.1,142.4,693.0,550.0,467.5,715.0,660.0,495.0,660.0,82.61250000000001,605.7857142857143,633.29
225032032396,R1M,900,R1,2200,2023-04-01 14:57:15,295.0,280.0,270.0,279.0,265.0,259.0,292.0,323.0,408.0,380.0,409.0,359.0,368.0,374.0,385.0,282.875,383.2857142857143,35.5
225000409509,R1T,450,R2T,5500,2023-04-03 06:21:02,0.0,0.0,0.0,45.1,90.2,45.1,90.2,11.0,71.5,71.5,66.0,55.0,60.5,82.5,55.0,35.2,66.0,87.5
225115255171,R1T,450,R1T,2200,2023-04-03 08:52:59,0.0,0.0,225.2,225.2,270.3,270.3,315.40000000000003,388.2000000000001,258.8,336.5,258.8,271.8,258.8,388.2,271.8,211.82500000000005,292.1,37.9
225021509514,S2,450,S2,900,2023-04-03 13:15:43,271.0,333.0,306.0,332.0,334.0,302.0,280.0,328.0,312.0,321.0,274.0,270.0,266.0,249.0,241.0,310.75,276.1428571428572,-11.14
225032038564,S2,450,S2,900,2023-04-03 14:30:21,302.0,310.0,290.0,326.0,282.0,250.0,223.0,280.0,283.0,278.0,275.0,288.0,271.0,273.0,259.0,282.875,275.2857142857143,-2.68
225157004628,R1T,450,R1MT,900,2023-04-03 14:30:53,0.0,0.0,0.0,315.4,315.70000000000005,315.70000000000005,315.70000000000005,348.79999999999995,380.6000000000001,380.6,276.8,311.40000000000003,346.00000000000006,311.4,207.6,201.4125,316.3428571428572,57.06
225010131875,R1M,900,R1,1300,2023-04-03 16:43:48,315.0,327.0,301.0,381.0,277.0,287.0,341.0,361.0,464.0,458.0,323.0,448.0,480.0,444.0,502.0,323.75,445.57142857142856,37.63
225000223883,R1MT,900,R1T,1300,2023-04-04 08:50:40,138.4,138.4,138.4,138.4,138.4,138.4,138.4,129.4,129.4,194.1,129.4,129.4,194.1,129.4,194.1,137.275,157.12857142857143,14.46
225000413760,B1T,1300,B1T,5500,2023-04-04 09:50:09,0.0,0.0,0.0,0.0,0.0,0.0,193.6,96.8,170.0,382.5,425.0,849.9,85.0,679.9,424.9,36.3,431.02857142857147,1087.41
225000413807,B1T,1300,B1T,5500,2023-04-04 13:30:39,0.0,0.0,0.0,0.0,0.0,0.0,96.8,170.0,425.0,552.5,722.5,1019.9,255.0,765.0,680.0,33.35,631.4142857142857,1793.3
225000241527,R1M,900,R1,1300,2023-04-05 10:25:37,156.0,199.0,179.0,148.0,175.0,159.0,202.0,246.0,202.0,252.0,340.0,278.0,251.0,236.0,272.0,183.0,261.57142857142856,42.94
225010083366,B1,900,B1,1300,2023-04-05 10:27:57,526.0,665.0,608.0,675.0,588.0,495.0,590.0,0.0,0.0,0.0,0.0,0.0,0.0,0.0,0.0,518.375,0.0,-100.0
225000172299,B1T,900,B1T,1300,2023-04-05 14:27:58,222.6,222.6,222.6,296.8,222.6,222.6,296.8,580.6,0.0,242.0,290.4,290.4,387.19999999999993,242.0,290.4,285.90000000000003,248.9142857142857,-12.94
225000171031,R1T,1300,R2T,5500,2023-04-06 09:26:23,0.0,0.0,0.0,0.0,0.0,0.0,0.0,110.0,385.0,220.0,110.0,495.0,275.0,110.0,550.0,13.75,306.42857142857144,2128.57
225010130673,R1M,900,R1,2200,2023-04-06 10:24:33,172.0,185.0,190.0,194.0,189.0,166.0,185.0,243.0,307.0,224.0,205.0,226.0,223.0,215.0,197.0,190.5,228.14285714285717,19.76
225000043119,R1MT,900,R1T,1300,2023-04-06 10:37:09,138.4,138.4,103.8,186.9,103.8,138.4,138.4,64.7,129.4,97.1,129.4,110.1,129.4,129.5,129.5,126.6,122.05714285714284,-3.59
225165502293,S2T,450,S2T,900,2023-04-06 11:15:23,57.6,57.6,143.8,143.8,0.0,143.8,0.0,0.0,102.8,0.0,102.8,0.0,205.5,205.5,0.0,68.325,88.08571428571429,28.92
225174753323,R1M,900,R1,1300,2023-04-09 08:25:47,145.0,133.0,141.0,144.0,148.0,147.0,145.0,187.0,212.0,164.0,165.0,158.0,197.0,188.0,183.0,148.75,181.0,21.68
225115250671,R1T,450,R1T,2200,2023-04-10 07:29:41,0.0,0.0,0.0,225.2,225.2,225.2,225.2,194.1,226.50000000000003,64.7,194.2,226.50000000000003,355.90000000000003,356.0,174.8,136.8625,228.3714285714286,66.86
225000011922,S2T,450,S2T,900,2023-04-10 08:54:23,287.6,0.0,0.0,0.0,0.0,0.0,0.0,0.0,0.0,0.0,0.0,0.0,0.0,0.0,0.0,35.95,0.0,-100.0
225000254598,B1T,1300,B1T,5500,2023-04-10 09:38:04,193.6,193.6,193.6,290.4,193.6,290.4,290.4,266.8,255.0,340.0,340.0,340.0,255.0,425.0,340.0,239.05,327.85714285714283,37.15
225000281109,R1T,2200,R2T,5500,2023-04-10 10:48:43,452.9,711.7,323.5,647.0,970.5,0.0,647.0,170.0,849.7,849.7,854.0,0.0,849.7,424.9,849.7,490.325,668.2428571428572,36.29
225000337936,R1T,1300,R2T,3500,2023-04-10 10:49:00,258.8,258.8,129.4,258.8,258.8,258.8,258.8,110.0,110.0,275.0,275.0,0.0,275.0,275.0,275.0,224.02500000000003,212.14285714285717,-5.3
225000289625,R1T,1300,R2T,5500,2023-04-10 13:16:54,194.1,194.1,258.8,194.1,194.1,194.1,194.1,229.7,220.0,165.0,110.0,165.0,165.0,165.0,220.0,206.6375,172.85714285714286,-16.35
225000066944,B1T,450,B1T,2200,2023-04-12 12:49:16,149.6,187.0,112.2,187.0,168.3,74.8,299.2,182.0,182.0,18.2,0.0,0.0,18.2,0.0,0.0,170.0125,31.2,-81.65
225010030011,R1MT,900,R1T,2200,2023-04-12 13:55:01,69.2,48.5,69.2,103.8,48.900000000000006,103.8,138.4,328.0,453.0,388.2,388.2,323.5,323.5,388.2000000000001,388.2000000000001,113.725,378.9714285714286,233.23
225000040240,S2T,450,S2T,900,2023-04-13 07:28:41,0.0,0.0,0.0,143.8,0.0,0.0,0.0,0.0,0.0,0.0,41.1,102.8,102.8,0.0,102.8,17.975,49.92857142857143,177.77
225000157522,B1T,1300,B1T,2200,2023-04-13 10:11:19,0.0,0.0,0.0,0.0,532.2,0.0,0.0,483.8,0.0,0.0,170.0,0.0,0.0,424.9,0.0,127.0,84.98571428571428,-33.08
225000162113,B1T,900,B1T,2200,2023-04-14 10:17:08,593.4,296.7,593.5,296.7,296.7,474.8,593.4,340.0,425.0,764.9,429.2,170.0,510.0,510.0,340.0,435.65,449.8714285714286,3.26
225010026137,S2,2200,S2,4400,2023-04-14 13:25:08,428.0,416.0,405.0,459.0,583.0,507.0,446.0,357.0,320.0,308.0,332.0,341.0,329.0,354.0,308.0,450.125,327.42857142857144,-27.26
225000155215,B1T,900,B1T,2200,2023-04-14 14:20:15,0.0,0.0,0.0,0.0,0.0,0.0,0.0,59.5,416.5,255.0,272.0,259.3,340.0,425.0,127.5,7.4375,299.3285714285715,3924.59
225000059104,R1T,1300,R1T,2200,2023-04-15 09:12:10,420.6,452.9,258.8,388.2,401.2,388.2,323.5,129.4,401.2,388.2,284.8,304.2,323.5,388.2,388.2,345.35,354.0428571428571,2.52
225000284163,R1MT,900,R1T,2200,2023-04-15 09:12:48,34.6,103.8,69.2,138.4,69.2,69.2,103.8,32.4,97.1,97.1,194.1,0.0,64.7,97.1,129.5,77.575,97.08571428571427,25.15
225010142780,B1T,2200,B1T,5500,2023-04-15 13:12:02,296.8,296.8,296.7,519.4,296.8,85.0,314.5,255.0,382.5,382.5,425.0,425.0,425.0,467.5,467.5,295.125,425.0,44.01
225052778777,B1T,900,B1T,5500,2023-04-16 15:26:26,222.10000000000005,256.2,133.6,311.7,207.8,267.2,311.7,261.1,136.0,119.0,161.5,170.0,85.0,204.0,255.0,246.425,161.5,-34.46
225000281095,R1T,1300,R1T,2200,2023-04-17 07:24:46,388.2000000000001,258.8,388.2000000000001,258.8,388.2000000000001,258.8,388.2000000000001,258.8,388.2000000000001,388.2000000000001,258.8,258.8,388.2000000000001,388.2000000000001,239.4,323.5,329.9714285714286,2.0
225010148535,R1M,900,R1,2200,2023-04-17 09:59:54,120.0,134.0,112.0,165.0,142.0,161.0,112.0,138.0,272.0,266.0,258.0,246.0,229.0,217.0,229.0,135.5,245.28571428571428,81.02
225000078948,R1T,1300,R1T,2200,2023-04-17 10:01:03,323.5,323.5,258.8,388.2000000000001,388.2000000000001,226.5,388.2000000000001,582.3,323.5,647.0,323.5,647.0,679.4,323.5,647.0,359.9,512.9857142857143,42.54
225000066786,R1T,2200,R2T,5500,2023-04-17 11:10:48,388.2000000000001,517.6,647.0,660.0,647.0,660.0,711.8,773.1999999999999,770.0,660.0,660.0,825.0,687.5,797.5,819.5,625.6,745.6428571428571,19.19
225115254576,R1MT,900,R2T,5500,2023-04-17 12:49:04,311.20000000000005,449.50000000000006,276.6,414.9,276.6,276.6,414.9,524.1,440.0,440.0,550.0,412.5,561.0,440.0,495.0,368.05,476.9285714285714,29.58
225000053876,R2T,3500,R2T,5500,2023-04-17 15:26:49,55.0,0.0,0.0,0.0,0.0,0.0,0.0,0.0,0.0,0.0,0.0,0.0,110.0,0.0,0.0,6.875,15.714285714285714,128.57
225000394406,R1MT,900,R1T,1300,2023-04-18 07:10:59,138.4,276.6,138.4,207.5,276.6,138.3,276.6,156.7,258.8,258.8,323.5,388.2000000000001,258.8,323.5,323.5,201.1375,305.0142857142858,51.64
225000282184,R1MT,900,R1T,1300,2023-04-18 08:29:05,138.4,69.2,138.4,69.2,69.2,138.4,138.4,69.2,129.4,161.8,0.0,64.7,129.4,64.7,129.4,103.8,97.05714285714286,-6.5
225010136287,R1T,450,R1T,2200,2023-04-18 12:11:35,157.7,225.2,202.8,90.2,225.2,135.3,225.2,112.6,175.4,175.1,175.20000000000002,162.20000000000002,162.2,174.9,187.9,171.77499999999998,173.27142857142863,0.87
225000261582,S2T,900,S2T,5500,2023-04-18 12:11:45,205.6,616.4999999999999,0.0,513.6999999999999,410.9,0.0,410.9,207.7,882.8,519.3,519.3,623.1999999999999,529.7,519.3,519.3,295.6625,587.5571428571429,98.73
225000237277,B1T,1300,B1T,2200,2023-04-18 12:49:18,525.7,483.8,525.7,483.8,677.3,0.0,483.8,677.3,854.0,0.0,0.0,854.0,0.0,849.7,849.7,482.175,486.7714285714285,0.95
225000016660,R1T,450,R1T,1300,2023-04-25 06:51:45,90.2,90.2,135.3,90.2,135.3,45.1,45.1,58.1,162.1,174.8,129.4,129.4,129.4,129.4,129.4,86.1875,140.55714285714285,63.08
225000091894,R1T,1300,R1T,2200,2023-04-26 10:49:42,258.8,258.8,258.8,323.5,129.4,194.1,323.5,129.4,388.2000000000001,258.8,194.1,258.8,323.5,194.1,388.2000000000001,234.5375,286.5285714285714,22.17
225000250627,R1T,1300,R1T,2200,2023-04-26 15:38:32,258.8,194.1,64.7,0.0,0.0,0.0,0.0,97.1,452.9,465.9,381.9,161.8,336.5,388.2,194.1,76.8375,340.18571428571425,342.73
225000169828,B1T,900,B1T,2200,2023-04-26 19:08:20,296.7,296.7,296.7,296.7,296.7,296.7,445.1,296.7,340.0,340.0,340.0,170.0,340.0,340.0,340.0,315.25,315.7142857142857,0.15
225000041986,R1MT,900,R2T,5500,2023-04-27 10:33:59,138.4,103.8,103.8,103.8,138.4,34.6,83.5,103.8,82.5,110.0,82.5,137.5,110.0,165.0,110.0,101.26250000000002,113.92857142857144,12.51
225000181533,B1T,1300,B1T,2200,2023-04-27 10:34:04,174.4,116.4,164.6,77.6,116.4,97.0,126.0,135.6,195.5,110.5,161.5,144.5,127.5,170.0,127.5,126.0,148.14285714285714,17.57
225010118259,R1,2200,R2,4400,2023-04-27 11:27:35,21.0,21.0,18.0,19.0,34.0,13.0,20.0,5.0,18.0,132.0,337.0,306.0,307.0,289.0,372.0,18.875,251.57142857142856,1232.83
225000280969,R1T,1300,R1T,2200,2023-04-27 11:36:42,129.4,323.5,129.4,336.5,129.4,388.2,194.1,323.5,258.8,258.8,194.1,194.1,258.8,291.2,323.5,244.25,254.1857142857143,4.07
225000144638,B1T,1300,B1T,2200,2023-04-28 08:46:51,619.6,774.3999999999999,580.8,580.8,338.8,290.4,290.4,387.2,595.0,170.0,425.0,595.0,340.0,425.0,425.0,482.8,425.0,-11.97
225010058934,B1,900,B1,5500,2023-04-28 12:33:57,739.0,777.0,764.0,810.0,786.0,397.0,390.0,360.0,598.0,958.0,1227.0,1274.0,1199.0,1257.0,1418.0,627.875,1133.0,80.45
225010028475,R1MT,900,R2T,3500,2023-04-29 15:16:39,242.2,138.4,276.8,207.6,207.6,173.0,256.5,242.2,220.0,247.5,247.5,275.0,220.0,258.5,220.0,218.0375,241.2142857142857,10.63
225000299200,R1T,450,R1T,900,2023-04-30 05:44:21,225.5,270.6,270.6,270.6,270.6,225.5,315.4,315.4,386.3,386.3,571.9,386.3,463.5,494.6,494.5,270.52500000000003,454.7714285714286,68.11
225000215217,B1T,900,B1T,2200,2023-04-30 07:13:30,133.6,148.4,103.9,89.1,0.0,74.2,0.0,0.0,0.0,170.0,255.0,255.0,212.5,289.0,255.0,68.65,205.2142857142857,198.93
225000368067,R1T,1300,R1T,2200,2023-04-30 18:44:11,32.4,32.4,129.4,258.8,258.8,388.2000000000001,388.2000000000001,517.6,517.6,258.8,452.9,388.2000000000001,388.2000000000001,388.2000000000001,388.2000000000001,250.725,397.4428571428572,58.52
225000406017,B1T,900,B1T,2200,2023-04-30 19:30:34,0.0,0.0,0.0,148.4,0.0,0.0,148.4,148.4,0.0,85.0,85.0,127.5,170.0,85.0,170.0,55.650000000000006,103.21428571428572,85.47
225052778950,R1M,900,R1,1300,2023-04-30 19:32:13,231.0,241.0,234.0,265.0,253.0,228.0,282.0,290.0,333.0,303.0,289.0,301.0,312.0,334.0,0.0,253.0,267.42857142857144,5.7
225000357208,R1MT,900,R2T,3500,2023-05-11 14:40:47,111.20000000000002,125.10000000000002,97.0,14.3,14.3,0.0,0.0,154.3,255.0,255.0,255.0,255.0,255.0,255.0,170.0,64.525,242.8571428571429,276.38
225000092033,R1MT,900,R1T,2200,2023-05-15 21:19:53,138.3,138.3,138.3,138.3,138.3,138.3,138.3,267.70000000000005,129.4,129.4,258.8,258.8,129.4,258.8,258.8,154.47500000000002,203.3428571428572,31.63
225157002856,R1MT,900,R1T,2200,2023-05-16 09:27:46,0.0,69.2,228.6,269.40000000000003,252.8,238.00000000000003,216.9,270.20000000000005,269.4,181.7,241.1,217.2,231.00000000000003,224.50000000000003,269.1,193.1375,233.42857142857144,20.86
225000186679,R1T,1300,R1T,2200,2023-05-17 08:37:49,711.6999999999999,776.4,808.8,841.0999999999999,841.0999999999999,452.9,808.8,614.6999999999999,647.0,647.0,709.8,770.0,825.0,687.5,825.0,731.9375,730.1857142857143,-0.24
225000154781,B1T,900,B1T,3500,2023-05-22 06:58:32,148.4,0.0,148.4,296.7,0.0,326.4,0.0,170.0,594.9,0.0,212.5,212.5,170.0,340.0,42.5,136.2375,224.62857142857143,64.88
225010158072,R1MT,900,R2T,5500,2023-05-22 11:14:37,346.0,345.90000000000003,346.0,207.6,346.0,311.4,345.9,386.6,385.0,385.0,495.0,330.0,440.0,440.0,550.0,329.425,432.1428571428572,31.18
225115251816,R1T,450,R1T,2200,2023-05-23 16:35:00,0.0,90.2,45.1,90.2,90.2,0.0,45.1,109.9,174.9,259.0,259.1,162.0,194.4,226.8,175.0,58.8375,207.3142857142857,252.35
225000221304,R1MT,900,R1T,2200,2023-05-29 08:14:07,0.0,0.0,69.2,0.0,0.0,0.0,0.0,207.5,129.4,258.8,129.4,258.8,258.8,258.8,258.8,34.5875,221.82857142857145,541.35
225010034588,R1T,450,R1T,1300,2023-05-29 10:53:03,157.7,112.6,135.3,90.2,90.2,157.7,112.6,157.7,96.8,193.6,67.8,0.0,19.4,0.0,19.4,126.75,56.71428571428571,-55.26
225000111236,R1T,450,R1MT,900,2023-05-29 11:24:28,315.4,315.4,225.2,270.29999999999995,112.6,270.3,270.29999999999995,344.6,242.2,207.6,207.6,69.2,34.6,0.0,34.6,265.5125,113.68571428571433,-57.18
225000071689,B1T,450,B1T,900,2023-05-29 13:21:58,174.8,174.8,122.4,122.4,174.8,87.4,174.8,174.8,296.8,148.4,296.8,222.6,222.6,222.6,222.6,150.77500000000003,233.2,54.67
225000020778,R1MT,900,R1T,2200,2023-05-30 06:53:41,0.0,0.0,69.2,0.0,0.0,138.3,0.0,138.3,0.0,129.4,0.0,129.4,129.4,64.7,129.4,43.225,83.1857142857143,92.45
225000404341,R1T,450,R1MT,900,2023-05-30 09:24:33,0.0,112.6,0.0,0.0,0.0,112.6,112.6,0.0,138.4,69.2,138.4,69.2,138.4,138.4,103.8,42.225,113.68571428571428,169.24
225000128535,B1T,900,B1T,5500,2023-05-31 08:06:50,0.0,0.0,0.0,0.0,0.0,0.0,0.0,222.6,255.0,382.5,340.0,255.0,425.0,255.0,442.0,27.825000000000003,336.35714285714283,1108.83
225010098801,R1MT,900,R1T,1300,2023-05-31 08:07:41,207.5,207.5,276.7,69.2,138.3,207.5,138.4,207.5,194.1,258.8,258.8,194.1,258.8,194.1,323.5,181.575,240.31428571428572,32.35
225000366452,B1T,900,B1T,1300,2023-05-31 08:30:38,593.4,593.4,296.7,593.4,593.4,593.4,593.4,884.3999999999999,387.0,774.0,580.5,580.5,580.5,580.5,774.0,592.6874999999999,608.1428571428571,2.61
225063265762,R1,450,R1M,900,2023-05-31 10:10:56,216.0,199.0,211.0,204.0,184.0,206.0,261.0,261.0,248.0,231.0,0.0,0.0,0.0,0.0,0.0,217.75,68.42857142857143,-68.57
225000263379,R1T,1300,R2T,3500,2023-05-31 13:54:41,388.2,323.5,388.2,388.2,452.9,517.6,550.0,517.6,660.0,550.0,440.0,550.0,220.0,330.0,440.0,440.775,455.7142857142857,3.39
225000344833,R1T,450,R1T,1300,2023-05-31 14:01:54,45.1,90.2,90.2,45.1,90.2,90.2,45.1,112.6,194.4,181.0,193.6,193.6,338.8,387.19999999999993,510.0,76.0875,285.5142857142857,275.24
225000261660,R1MT,900,R1T,1300,2023-08-02 08:37:24,346.00000000000006,242.2,311.4,207.6,276.8,242.2,346.0,452.9,452.9,452.9,452.9,388.2,388.2,380.6,378.0,303.13750000000005,413.38571428571424,36.37
225000094601,B1T,900,B1T,1300,2023-08-02 08:38:26,296.7,296.7,296.7,296.7,593.4,304.2,304.2,387.0,387.0,580.5,580.5,580.5,774.0,580.5,758.4000000000001,346.95,605.9142857142857,74.64
225000276828,R1T,1300,R1T,2200,2023-08-02 09:03:06,0.0,129.6,97.2,97.1,97.1,129.4,129.4,194.1,161.8,129.4,0.0,194.2,64.7,63.0,125.9,109.2375,105.57142857142858,-3.36
225000363016,R1MT,900,R1T,2200,2023-08-02 15:26:50,48.900000000000006,0.0,34.6,103.8,345.8,138.3,138.3,258.8,129.4,291.20000000000005,258.8,258.8,258.8,316.5,314.8,133.5625,261.18571428571425,95.55
225075007430,R1,450,R1M,900,2023-08-03 07:26:46,287.0,282.0,277.0,275.0,319.0,303.0,288.0,296.0,234.0,154.0,136.0,141.0,182.0,203.0,180.0,290.875,175.71428571428572,-39.59
225000425279,R1MT,900,R2T,3500,2023-08-03 08:12:07,0.0,0.0,0.0,0.0,0.0,48.900000000000006,207.5,138.3,0.0,110.0,0.0,110.0,0.0,53.5,53.5,49.337500000000006,46.71428571428572,-5.32
225010113615,S2,900,S2,1300,2023-08-03 09:58:50,81.0,67.0,104.0,102.0,81.0,69.0,101.0,233.0,177.0,211.0,226.0,210.0,187.0,204.0,177.0,104.75,198.8571428571429,89.84
225000275635,R1T,1300,R1T,2200,2023-08-03 10:25:32,291.2,291.2,291.2,323.6,550.0,517.6,517.6,465.9,304.2,498.3,452.9,388.2000000000001,582.3000000000001,444.2000000000001,566.8,406.0375,462.41428571428577,13.88
225115250498,R1MT,900,R1T,2200,2023-08-03 10:41:34,345.7,345.7,345.7,0.0,349.2,138.3,349.2,452.9,323.5,0.0,323.5,323.5,323.5,323.5,314.7,290.8375,276.0285714285714,-5.09
225000261893,R1MT,900,R1T,2200,2023-08-03 10:44:46,138.3,138.3,207.5,138.4,207.5,242.1,138.3,129.4,258.8,258.8,129.4,161.8,207.1,125.9,251.9,167.47500000000002,199.1,18.88
225000052078,B1T,2200,B1T,5500,2023-08-03 13:47:33,85.0,85.0,85.0,85.0,85.0,170.0,340.0,255.0,255.0,425.0,340.0,255.0,255.0,170.0,250.3,148.75,278.6142857142857,87.3
225021525986,R1,900,R1,2200,2023-08-04 19:27:41,244.0,229.0,225.0,231.0,244.0,233.0,230.0,212.0,253.0,234.0,216.0,161.0,223.0,63.0,149.0,231.0,185.57142857142856,-19.67
225010129530,R1MT,900,R1T,2200,2023-08-06 13:24:21,414.9,345.90000000000003,380.5,484.3,138.4,14.3,345.7,0.0,323.5,323.5,0.0,323.5,647.0,0.0,0.0,265.5,231.07142857142856,-12.97
225000429125,R1T,2200,R2T,4400,2023-08-07 13:58:05,0.0,0.0,0.0,0.0,0.0,0.0,452.9,873.5,1100.0,825.0,715.0,275.0,55.0,0.0,0.0,165.8,424.2857142857143,155.9
225010118823,R1T,1300,R2T,5500,2023-08-07 14:04:45,32.4,0.0,32.4,0.0,0.0,0.0,32.4,55.0,0.0,0.0,0.0,0.0,0.0,0.0,107.0,19.025,15.285714285714286,-19.65
225157006147,B1T,450,B1T,1300,2023-08-08 16:14:41,87.4,174.8,174.8,174.8,174.8,87.4,174.8,203.6,193.6,290.4,193.6,290.4,193.6,242.0,191.0,156.55,227.8,45.51
225000292175,R1MT,900,R1T,2200,2023-08-08 16:14:54,138.4,138.4,138.4,69.2,152.7,138.4,118.1,129.5,129.4,161.8,194.1,161.8,129.4,159.2,189.0,127.88750000000002,160.67142857142858,25.63
225000284148,R1T,2200,R2T,3500,2023-08-08 16:21:12,194.1,129.4,194.2,194.1,194.1,161.8,129.4,165.0,220.0,165.0,165.0,220.0,220.0,267.5,214.0,170.2625,210.2142857142857,23.46
225021532046,R1MT,900,R2T,5500,2023-08-09 08:41:58,0.0,0.0,0.0,0.0,0.0,114.3,276.6,165.0,220.0,324.5,115.5,220.0,121.0,160.5,107.0,69.48750000000001,181.2142857142857,160.79
225000421119,B1T,1300,B1T,2200,2023-08-09 09:57:05,0.0,0.0,0.0,0.0,0.0,290.4,290.4,351.8,382.5,340.0,425.0,510.0,425.0,425.0,415.8,116.575,417.61428571428576,258.24
225010114363,R1M,900,R1,2200,2023-08-09 16:35:16,203.0,177.0,214.0,215.0,285.0,221.0,246.0,222.0,285.0,309.0,212.0,310.0,345.0,249.0,356.0,222.875,295.1428571428572,32.43
225000356949,R1T,900,R1T,2200,2023-08-10 10:19:55,185.4,0.0,154.6,154.6,154.6,77.3,185.5,123.2,194.1,129.4,161.8,129.4,129.4,127.7,189.0,129.39999999999998,151.54285714285717,17.11
225000429650,R1MT,900,R1T,1300,2023-08-14 09:49:10,0.0,0.0,0.0,0.0,0.0,0.0,0.0,267.8,129.5,129.4,129.5,194.1,226.5,127.7,189.0,33.475,160.81428571428572,380.4
225000269095,R1T,1300,R2T,5500,2023-08-14 10:32:56,71.4,77.7,13.0,52.0,58.4,103.7,13.0,55.0,192.5,0.0,11.0,77.0,0.0,81.0,0.0,55.525000000000006,51.642857142857146,-6.99
225000386244,R1T,2200,R2T,5500,2023-08-14 10:50:50,64.7,64.7,64.7,64.7,129.4,0.0,0.0,129.4,275.0,0.0,0.0,0.0,0.0,0.0,107.0,64.7,54.57142857142857,-15.65
225000209290,R1MT,900,R1T,1300,2023-08-15 14:16:13,112.1,103.8,118.1,138.4,207.6,152.7,187.3,313.2,336.5,388.5,291.5,323.79999999999995,291.5,286.20000000000005,315.0,166.65,319.0,91.42
225010012649,R1M,900,R1,1300,2023-08-15 15:44:01,592.0,469.0,470.0,700.0,806.0,758.0,592.0,671.0,685.0,860.0,783.0,801.0,742.0,569.0,854.0,632.25,756.2857142857143,19.62
225010089585,B1,1300,B1,5500,2023-08-15 18:05:53,31.0,28.0,32.0,26.0,25.0,23.0,31.0,3.0,9.0,8.0,54.0,105.0,428.0,410.0,378.0,24.875,198.8571428571429,699.43
225000279691,R1MT,900,R1T,2200,2023-08-16 11:25:32,103.8,138.4,69.2,138.4,69.2,69.2,69.2,69.2,97.1,64.7,161.8,97.1,64.7,63.0,94.5,90.82500000000002,91.84285714285716,1.12
225000279094,R1MT,900,R1T,2200,2023-08-16 11:25:41,69.2,69.2,103.8,0.0,69.2,103.8,0.0,138.3,0.0,129.4,0.0,64.7,0.0,125.9,31.5,69.1875,50.21428571428572,-27.42
225000424435,B1T,1300,B1T,3500,2023-08-16 15:59:09,0.0,0.0,0.0,0.0,48.4,484.0,290.4,363.6,510.0,425.0,510.0,340.0,510.0,425.0,333.1,148.3,436.1571428571429,194.1
225000190172,P1T,450,P1T,1300,2023-08-16 16:15:49,0.0,0.0,68.3,95.6,0.0,68.3,204.9,136.6,44.6,107.5,89.2,44.6,62.900000000000006,44.6,47.7,71.7125,63.01428571428573,-12.13
225000093673,R1T,450,R1MT,900,2023-08-16 17:42:07,90.2,157.7,0.0,90.2,112.6,45.1,157.7,34.6,69.2,118.1,103.8,34.6,103.8,136.5,67.3,86.01249999999999,90.47142857142856,5.18
225115254455,R1MT,900,R2T,5500,2023-08-17 12:08:59,173.0,173.0,250.5,242.2,242.2,201.6,276.8,297.90000000000003,302.5,275.0,247.5,341.0,368.5,360.20000000000005,386.3000000000001,232.15,325.85714285714283,40.36
225000280729,R1MT,900,R2T,3500,2023-08-17 20:56:51,207.5,172.9,172.9,172.9,311.20000000000005,207.5,0.0,207.5,220.0,220.0,110.0,275.0,220.0,107.0,214.0,181.55,195.14285714285717,7.49
225000335176,R2T,4400,R2T,5500,2023-08-17 21:13:29,275.0,275.0,275.0,55.0,132.0,110.0,165.0,55.0,110.0,110.0,165.0,110.0,82.5,156.0,133.8,167.75,123.9,-26.14
225000406593,B1T,2200,B1T,5500,2023-08-18 09:33:50,42.5,127.5,85.0,85.0,170.0,85.0,170.0,170.0,85.0,170.0,170.0,170.0,85.0,170.0,333.1,116.875,169.0142857142857,44.61
225000228885,S2T,1300,S2T,5500,2023-08-18 10:16:15,26.5,53.0,79.5,26.5,132.1,0.0,92.6,0.0,52.0,21.2,103.9,0.0,21.2,71.8,20.3,51.275,41.48571428571429,-19.09
225010036583,R1T,1300,R2T,3500,2023-08-18 14:15:36,452.9,323.5,711.7000000000002,129.4,485.3,388.2,530.6999999999999,653.5,495.0,440.0,495.0,330.0,440.0,428.0,481.5,459.4,444.2142857142857,-3.31
225010124561,B1T,1300,B1T,2200,2023-08-18 14:39:57,290.4,290.4,290.4,193.5,290.4,213.0,387.1,266.8,340.0,382.5,212.5,255.0,297.5,255.0,250.4,277.75,284.7,2.5
225000209018,R1MT,900,R2T,5500,2023-08-20 16:14:28,103.8,103.8,138.4,207.6,173.0,152.7,167.0,83.5,137.5,165.0,231.0,110.0,165.0,267.5,107.0,141.22500000000002,169.0,19.67
225000402416,R1MT,900,R1T,1300,2023-08-20 17:38:06,34.6,34.6,34.6,34.6,69.2,34.6,0.0,67.0,32.4,64.7,0.0,32.4,32.4,31.5,31.5,38.650000000000006,32.128571428571426,-16.87
225010148909,R1M,900,R1,2200,2023-08-21 10:02:42,108.0,93.0,104.0,106.0,106.0,99.0,97.0,107.0,104.0,111.0,103.0,103.0,100.0,85.0,92.0,102.5,99.71428571428572,-2.72
225000163268,R1T,2200,R2T,5500,2023-08-21 10:24:17,452.9,355.99999999999994,369.1,511.5,673.3000000000001,258.8,265.6,606.8,1824.6,2549.1000000000004,1699.5,2549.1000000000004,2549.1000000000004,1699.4,2502.8,436.75,2196.228571428572,402.86
225010138187,R1M,900,R1,1300,2023-08-21 14:40:06,375.0,344.0,365.0,379.0,405.0,394.0,381.0,386.0,0.0,0.0,0.0,0.0,0.0,0.0,0.0,378.625,0.0,-100.0
225165500853,S2T,1300,S2T,2200,2023-08-21 20:40:01,70.7,0.0,141.3,381.5,409.9,876.0,28.3,131.6,1381.7,0.0,657.9,1315.8,1315.8,1111.2,1228.4,254.9125,1001.5428571428572,292.9
225010069425,R1,450,R1M,900,2023-08-21 20:46:53,167.0,149.0,155.0,163.0,166.0,144.0,162.0,180.0,164.0,156.0,152.0,157.0,150.0,161.0,185.0,160.75,160.71428571428572,-0.02
225010043577,B1,1300,B1,5500,2023-08-21 21:33:58,39.0,26.0,31.0,39.0,35.0,27.0,37.0,110.0,76.0,117.0,630.0,2388.0,2437.0,2093.0,1979.0,43.0,1388.571428571429,3129.24
225000221162,R1T,1300,R1T,2200,2023-08-22 10:48:33,194.1,161.8,388.2,452.9,129.4,323.5,258.8,323.5,323.5,258.8,323.5,355.9,258.8,253.7,378.0,279.025,307.45714285714286,10.19
225010086371,B1,2200,B1,3500,2023-08-22 10:55:21,619.0,634.0,714.0,674.0,795.0,717.0,721.0,736.0,729.0,724.0,677.0,610.0,722.0,627.0,803.0,701.25,698.8571428571429,-0.34
225000342057,R1MT,900,R1T,2200,2023-08-23 12:02:18,276.8,311.40000000000003,484.1,138.3,138.3,345.8,414.9,406.0,582.3,517.6,517.6,388.2000000000001,388.2000000000001,510.6,503.6,314.45,486.87142857142857,54.83
225000282716,R1MT,900,R1T,2200,2023-08-24 09:18:41,207.6,207.6,207.6,207.6,207.6,207.6,138.4,133.9,129.4,194.1,194.1,323.5,129.4,253.7,189.0,189.7375,201.8857142857143,6.4
225000282740,R1MT,900,R1T,2200,2023-08-24 09:18:51,103.8,103.8,138.4,103.8,103.8,138.4,69.2,69.2,97.2,64.8,97.2,97.2,64.8,63.9,31.5,103.8,73.79999999999998,-28.9
225000282724,R1MT,900,R1T,2200,2023-08-24 09:19:01,173.0,138.4,173.0,138.4,103.8,138.4,34.6,103.8,97.2,129.6,110.2,97.2,97.2,95.4,126.0,125.425,107.54285714285712,-14.26
225000282660,R1T,2200,R2T,3500,2023-08-24 09:37:25,207.6,138.4,258.8,194.1,258.8,226.5,129.4,249.1,220.0,220.0,220.0,357.5,275.0,269.0,374.5,207.8375,276.57142857142856,33.07
225000411056,R1MT,900,R2T,3500,2023-08-24 10:56:17,14.3,83.5,14.3,69.2,69.2,69.2,138.4,345.1,385.0,330.0,220.0,121.0,220.0,241.8,279.1,100.4,256.7,155.68
225000407633,R1MT,900,R2T,5500,2023-08-24 10:57:05,63.2,34.6,14.3,34.6,14.3,14.3,28.6,28.6,22.0,33.0,44.0,33.0,11.0,33.3,22.2,29.062500000000004,28.357142857142858,-2.43
225000281515,R1MT,900,R1T,2200,2023-08-24 13:41:57,69.2,83.5,138.4,138.4,138.4,138.4,69.2,69.2,194.1,129.4,129.4,129.4,129.4,255.3,125.9,105.5875,156.12857142857143,47.87
225000352169,R1T,2200,R2T,5500,2023-08-25 09:21:13,582.3000000000001,517.6,582.3000000000001,452.9,452.9,258.8,517.6,528.2,850.0,935.0,680.0,1105.0,1189.9,1190.0,1125.4,486.5750000000001,1010.7571428571428,107.73
225157001146,B1T,1300,B1T,2200,2023-08-25 18:27:41,387.2,387.2,484.0,290.4,387.2,387.2,484.0,375.4,425.0,425.0,425.0,510.0,340.0,340.0,418.1,397.825,411.87142857142857,3.53
225000267785,R1MT,900,R2T,3500,2023-08-27 18:50:23,69.2,48.900000000000006,14.3,0.0,173.0,345.90000000000003,346.0,200.5,275.0,247.5,275.0,330.0,220.0,214.0,374.5,149.72500000000002,276.57142857142856,84.72
225000262742,R1MT,900,R2T,5500,2023-08-29 09:32:31,138.4,69.2,103.8,138.4,207.6,138.4,138.4,138.4,110.0,165.0,165.0,110.0,110.0,162.0,160.5,134.075,140.35714285714286,4.69
225010134258,R1M,900,R1,1300,2023-08-29 14:28:51,191.0,168.0,199.0,250.0,257.0,254.0,244.0,232.0,236.0,274.0,266.0,242.0,239.0,249.0,211.0,224.375,245.28571428571428,9.32
225000329375,R1MT,900,R1T,2200,2023-08-29 14:48:21,118.1,118.1,126.4,103.8,69.2,242.1,138.3,207.5,388.2000000000001,355.9,582.3,970.5,647.0,0.0,0.0,140.4375,420.5571428571429,199.46
225000403123,R1T,450,R1T,900,2023-08-29 15:10:38,90.2,135.3,135.3,135.3,202.8,45.1,45.1,45.1,108.2,185.4,154.6,185.5,231.9,304.90000000000003,405.9,104.275,225.2,115.97
225075007804,R1MT,900,R2T,5500,2023-08-29 15:32:46,138.3,97.8,0.0,14.3,83.5,0.0,14.3,14.3,27.5,38.5,110.0,82.5,0.0,267.5,0.0,45.3125,75.14285714285714,65.83
225000359427,R1MT,900,R1T,2200,2023-08-30 08:58:53,69.2,0.0,69.2,69.2,0.0,69.2,0.0,34.6,64.7,0.0,64.7,0.0,64.7,63.0,0.0,38.925,36.72857142857144,-5.64
225000145216,P1T,1300,P1T,5500,2023-08-30 20:11:24,89.1,445.5,0.0,445.5,0.0,450.0,0.0,449.9,0.0,434.3,868.6,434.3,0.0,0.0,0.0,235.0,248.17142857142855,5.6
225000130584,B1T,900,B1T,2200,2023-08-31 14:25:10,371.0,0.0,0.0,0.0,0.0,0.0,0.0,0.0,0.0,0.0,42.5,212.5,170.0,85.0,167.7,46.375,96.81428571428572,108.76
225000434475,R1T,450,R1MT,900,2023-09-01 08:42:18,0.0,0.0,0.0,0.0,0.0,0.0,0.0,69.2,0.0,69.2,69.2,0.0,69.2,67.3,,8.65,45.81666666666667,429.67
225000410921,R1MT,900,R1T,2200,2023-09-01 08:44:39,0.0,0.0,69.2,0.0,0.0,34.6,0.0,0.0,64.7,64.7,0.0,64.7,0.0,0.0,,12.975,32.35,149.33
225000172187,B1T,900,B1T,1300,2023-09-01 08:45:22,0.0,148.4,0.0,103.9,178.1,0.0,178.1,48.4,87.19999999999999,96.8,193.6,96.8,96.8,94.2,,82.11250000000001,110.90000000000002,35.06
225157001449,R1MT,900,R2T,3500,2023-09-01 08:45:57,187.3,207.6,138.4,34.6,0.0,0.0,138.4,275.0,550.0,550.0,715.0,385.0,536.5,668.9,,122.6625,567.5666666666667,362.71
225157004723,B1T,900,B1T,2200,2023-09-01 08:46:52,593.4,593.4,296.7,593.6,623.2,623.2,623.1,612.0,552.5,552.5,595.0,357.0,467.5,765.5999999999999,,569.825,548.35,-3.77
225000142442,R1T,450,R1MT,900,2023-09-01 08:48:13,157.7,225.2,225.2,225.2,225.2,112.6,225.2,207.6,242.2,207.6,207.6,138.4,203.8,148.1,,200.4875,191.28333333333333,-4.59
225010161807,R1MT,900,R1T,2200,2023-09-01 10:20:08,138.3,311.20000000000005,69.2,276.6,345.7,345.7,345.7,452.9,323.5,323.5,647.0,323.5,638.2,566.5,,285.6625,470.3666666666666,64.66
225000249836,R1MT,900,R1T,1300,2023-09-01 10:37:12,42.900000000000006,57.2,42.900000000000006,42.900000000000006,42.900000000000006,0.0,34.6,226.7,175.0,214.0,162.0,103.8,63.0,277.0,,61.26250000000001,165.79999999999998,170.64
225010133853,R1T,2200,R2T,5500,2023-09-02 15:49:07,129.4,129.4,258.8,0.0,517.6,647.0,582.3000000000001,349.4,622.5,425.0,595.0,425.0,425.0,500.8,,326.7375,498.8833333333334,52.69
225000018313,P1T,450,P1T,1300,2023-09-04 08:25:31,68.3,0.0,27.3,68.3,0.0,68.3,68.3,62.900000000000006,89.2,89.1,89.1,89.1,62.900000000000006,47.7,,45.425,77.85,71.38
225000179134,R1T,1300,R2T,4400,2023-09-04 09:40:18,582.3000000000001,582.3000000000001,452.9,582.3,550.0,582.3000000000001,582.3000000000001,664.4,850.0,680.0,1020.0,765.0,680.0,833.9000000000001,,572.35,804.8166666666666,40.62
225010013808,R1,450,R1M,900,2023-09-04 12:33:51,128.0,120.0,124.0,123.0,110.0,126.0,118.0,135.0,123.0,129.0,145.0,146.0,116.0,119.0,,123.0,129.66666666666666,5.42
225000419989,B1T,1300,B1T,5500,2023-09-04 13:14:50,0.0,0.0,19.4,0.0,0.0,19.4,193.5,0.0,170.0,0.0,170.0,85.0,170.0,0.0,,29.0375,99.16666666666669,241.51
225032013118,B1T,900,B1T,1300,2023-09-04 14:15:45,0.0,0.0,0.0,0.0,0.0,0.0,0.0,339.5,290.79999999999995,349.19999999999993,291.0,271.6,232.80000000000004,270.6000000000001,,42.4375,284.3333333333333,570.0
225000112685,B1T,1300,B1T,3500,2023-09-04 15:20:07,222.8,213.0,261.4,193.6,193.6,184.0,48.4,0.0,0.0,0.0,0.0,42.5,42.5,0.0,,164.6,14.166666666666666,-91.39
225010020012,R1,1300,R1,2200,2023-09-05 09:46:47,477.0,497.0,527.0,578.0,480.0,634.0,529.0,475.0,551.0,541.0,532.0,509.0,405.0,608.0,,524.625,524.3333333333334,-0.06
225000110018,B1T,1300,B1T,3500,2023-09-05 10:15:10,290.3,387.0,387.0,387.0,387.0,387.0,483.8,340.0,340.0,340.0,340.0,340.0,340.0,542.0,,381.1375,373.6666666666667,-1.96
225000142547,B1T,450,B1T,1300,2023-09-05 10:50:12,87.4,174.7,174.7,174.7,174.7,87.4,174.7,174.7,193.6,145.2,387.1,193.5,193.5,94.2,,152.875,201.18333333333337,31.6
225000428164,S2T,1300,S2T,5500,2023-09-06 10:24:30,0.0,0.0,0.0,0.0,0.0,264.1,0.0,519.3,0.0,0.0,623.1999999999999,259.8,0.0,404.3,,97.925,214.55,119.1
225000222547,R1MT,900,R1T,1300,2023-09-06 12:32:30,14.3,0.0,0.0,0.0,0.0,0.0,0.0,0.0,0.0,0.0,0.0,0.0,0.0,0.0,,1.7875,0.0,-100.0
225000116947,R1MT,900,R1T,1300,2023-09-06 12:53:35,207.6,276.8,207.6,276.8,276.8,276.8,346.0,258.8,258.8,323.5,258.8,258.8,318.4,315.0,,265.90000000000003,288.88333333333327,8.64
225000265914,S2T,900,S2T,1300,2023-09-07 08:50:52,0.0,0.0,0.0,0.0,205.5,421.2,0.0,0.0,0.0,0.0,0.0,0.0,25.7,0.0,,78.3375,4.283333333333333,-94.53
225000070359,R1T,450,R1T,1300,2023-09-07 09:43:08,0.0,0.0,0.0,225.2,0.0,0.0,0.0,0.0,0.0,129.4,0.0,0.0,0.0,0.0,,28.15,21.566666666666663,-23.39
225000410237,R1MT,900,R1T,2200,2023-09-07 13:41:17,138.4,173.0,103.8,118.1,187.3,173.0,207.6,567.5,614.7,647.0000000000001,485.3,291.2,414.6,378.0,,208.5875,471.8,126.19
225000194609,B1T,900,B1T,2200,2023-09-07 18:12:12,59.4,89.1,59.4,89.1,59.4,0.0,29.7,0.0,212.5,0.0,85.0,127.5,85.0,85.0,,48.2625,99.16666666666669,105.47
225010000949,B1,1300,B1,5500,2023-09-08 07:29:14,82.0,87.0,92.0,122.0,89.0,93.0,106.0,96.0,104.0,87.0,116.0,119.0,109.0,107.0,,95.875,107.0,11.6
225000358786,R1MT,900,R1T,2200,2023-09-08 08:15:52,138.3,0.0,138.3,138.3,207.5,138.3,138.3,0.0,271.8,258.8,258.8,323.5,188.9,125.9,,112.375,237.95000000000005,111.75
225075002567,R1,450,R1M,900,2023-09-08 09:08:53,143.0,164.0,170.0,184.0,187.0,177.0,180.0,211.0,241.0,226.0,271.0,262.0,275.0,305.0,,177.0,263.3333333333333,48.78
225087285236,R1MT,900,R1T,2200,2023-09-08 13:20:38,112.1,140.70000000000002,155.0,163.29999999999998,152.70000000000002,171.60000000000002,201.6,151.4,162.4,169.0,162.0,142.8,154.9,167.0,,156.05,159.68333333333334,2.33
225000119197,R1MT,900,R1T,2200,2023-09-09 08:10:28,103.8,138.4,138.4,112.1,140.7,138.4,173.0,147.0,175.20000000000002,149.4,188.4,201.2,213.5,191.5,,136.47500000000002,186.53333333333333,36.68
225087253458,P1,2200,P1,5500,2023-09-10 17:54:34,155.0,175.0,151.0,176.0,166.0,174.0,320.0,250.0,290.0,303.0,271.0,245.0,420.0,268.0,,195.875,299.5,52.9
225000321152,R1MT,900,R2T,3500,2023-09-11 08:31:01,138.4,138.4,138.4,207.5,207.5,207.5,276.6,138.3,220.0,275.0,220.0,330.0,321.0,321.0,,181.575,281.1666666666667,54.85
225165503366,R1T,450,R1MT,900,2023-09-11 08:32:08,45.1,90.2,90.2,90.2,90.2,90.2,225.2,0.0,187.3,175.3,152.7,152.7,136.6,101.1,,90.1625,150.95000000000002,67.42
225010104315,R1MT,900,R1T,1300,2023-09-11 08:37:59,207.6,103.8,0.0,83.5,14.3,207.6,276.8,263.3,258.8,194.1,258.8,194.1,253.7,189.0,,144.6125,224.75,55.42
225000282765,R1T,2200,R2T,3500,2023-09-11 12:43:29,323.5,258.8,517.6,485.3,388.2000000000001,129.4,388.2000000000001,349.4,385.0,330.0,330.0,220.0,377.5,267.5,,355.05,318.3333333333333,-10.34
225000318159,R1T,2200,R2T,3500,2023-09-11 12:43:58,32.4,64.8,161.8,129.4,0.0,194.1,0.0,55.0,110.0,110.0,55.0,110.0,214.0,133.8,,79.6875,122.13333333333333,53.27
225000221395,R1MT,900,R2T,5500,2023-09-11 17:31:11,276.7,69.2,138.4,69.2,138.4,138.4,69.2,124.2,110.0,137.5,165.0,137.5,107.1,187.50000000000003,,127.9625,140.76666666666668,10.01
225000388592,B1T,900,B1T,2200,2023-09-11 17:41:30,445.2000000000001,356.2,326.5,445.2000000000001,519.4000000000001,445.2000000000001,445.2000000000001,530.1,510.0,595.0,552.5,510.0,510.0,500.6,,439.125,529.6833333333333,20.62
225010005178,R1,1300,R1,2200,2023-09-12 14:59:27,417.0,491.0,490.0,592.0,523.0,481.0,525.0,450.0,299.0,182.0,128.0,36.0,33.0,112.0,,496.125,131.66666666666666,-73.46
225010143049,R1M,900,R1,1300,2023-09-12 15:09:12,100.0,118.0,89.0,157.0,133.0,120.0,151.0,160.0,187.0,182.0,142.0,150.0,168.0,141.0,,128.5,161.66666666666666,25.81
225010139243,B1T,4400,B1T,5500,2023-09-13 06:53:14,424.9,424.9,42.5,425.0,424.9,170.0,441.9,424.9,1699.6,85.0,340.0,170.0,170.0,252.7,,347.375,452.88333333333327,30.37
225000220717,R1MT,900,R1T,2200,2023-09-13 10:16:19,69.2,173.0,207.6,138.4,207.6,69.2,207.6,198.6,258.8,194.1,258.8,194.1,63.0,252.0,,158.9,203.4666666666667,28.05
225000293860,R1T,900,R1T,2200,2023-09-13 10:17:25,463.5,309.0,463.5,386.3,386.3,463.5,386.3,413.3,452.9,517.6,452.9,452.9,446.1,504.0,,408.9625,471.06666666666666,15.19
225010101255,R1,450,R1,1300,2023-09-13 10:54:29,239.0,208.0,258.0,273.0,272.0,286.0,294.0,233.0,265.0,305.0,289.0,241.0,185.0,1.0,,257.875,214.33333333333331,-16.88
225052780122,S2T,450,S2T,900,2023-09-13 12:26:10,143.8,143.8,0.0,0.0,0.0,143.8,287.6,287.6,0.0,0.0,0.0,0.0,139.9,0.0,,125.825,23.316666666666663,-81.47
225000426462,R1T,1300,R2T,5500,2023-09-13 13:34:06,0.0,0.0,0.0,0.0,0.0,0.0,0.0,110.0,110.0,110.0,110.0,165.0,11.1,214.0,,13.75,120.01666666666668,772.85
225000387525,R1T,1300,R1T,2200,2023-09-15 09:49:09,129.4,129.4,129.4,194.1,129.4,258.8,194.1,323.5,258.8,258.8,258.8,284.8,324.5,267.5,,186.0125,275.53333333333336,48.13
225010075561,R1,450,R1M,900,2023-09-15 10:46:04,247.0,288.0,229.0,310.0,286.0,291.0,286.0,234.0,255.0,0.0,0.0,0.0,0.0,0.0,,271.375,42.5,-84.34
225010009049,R1,450,R1,1300,2023-09-15 13:58:28,179.0,211.0,232.0,290.0,295.0,286.0,323.0,219.0,279.0,301.0,276.0,299.0,235.0,246.0,,254.375,272.6666666666667,7.19
225000113940,R1MT,900,R1T,2200,2023-09-15 16:27:06,69.2,69.2,69.2,69.2,0.0,69.2,69.2,0.0,258.8,258.8,129.4,258.8,255.3,251.8,,51.900000000000006,235.4833333333333,353.73
225010069068,B1T,900,B1T,5500,2023-09-16 09:55:09,29.7,0.0,0.0,0.0,0.0,148.4,0.0,0.0,0.0,340.0,1190.0,85.0,170.0,99.7,,22.2625,314.1166666666667,1310.97
225010139986,R1MT,900,R1T,1300,2023-09-17 13:23:36,0.0,0.0,0.0,0.0,0.0,0.0,69.2,194.1,420.6,388.3,388.2,388.2,381.4,391.0,,32.9125,392.95,1093.92
225000402465,B1T,2200,B1T,5500,2023-09-18 08:34:24,85.0,0.0,170.0,170.0,170.0,170.0,170.0,170.0,255.0,255.0,255.0,255.0,344.3,250.4,,138.125,269.1166666666666,94.84
225000280242,S2T,900,S2T,3500,2023-09-18 10:56:36,205.5,0.0,205.5,0.0,0.0,205.5,0.0,309.4,103.9,0.0,0.0,0.0,0.0,111.2,,115.7375,35.85,-69.02
225000200240,B1T,1300,B1T,3500,2023-09-18 11:17:04,193.6,145.2,96.8,96.8,96.8,290.4,193.6,278.6,340.0,255.0,510.0,340.0,510.0,418.2,,173.97500000000002,395.5333333333333,127.35
225000294935,R1T,450,R1T,2200,2023-09-18 11:19:30,0.0,45.1,0.0,0.0,45.1,0.0,0.0,0.0,32.4,0.0,64.7,388.2,381.3,409.4,,11.275,212.66666666666663,1786.18
225000160088,B1T,1300,B1T,5500,2023-09-18 15:15:59,193.6,145.2,242.0,290.4,242.0,0.0,0.0,0.0,0.0,424.9,594.9,0.0,424.9,0.0,,139.14999999999998,240.7833333333333,73.04
225000326257,R1T,1300,R2T,5500,2023-09-18 16:09:24,258.8,388.2000000000001,129.4,323.5,194.1,323.5,258.8,129.4,385.0,275.0,275.0,330.0,321.0,321.0,,250.71250000000003,317.8333333333333,26.77
225010093730,R1M,900,R1,2200,2023-09-18 16:27:48,194.0,208.0,199.0,208.0,220.0,230.0,158.0,109.0,191.0,270.0,206.0,208.0,173.0,249.0,,190.75,216.16666666666663,13.32
225000026047,R1MT,900,R1T,2200,2023-09-19 09:39:20,0.0,0.0,0.0,0.0,0.0,0.0,14.3,0.0,258.8,174.8,194.1,194.1,190.7,170.5,,1.7875,197.16666666666663,10930.3
225000424809,R1MT,900,R1T,2200,2023-09-20 07:16:57,0.0,0.0,0.0,0.0,0.0,0.0,0.0,32.4,0.0,0.0,0.0,0.0,0.0,0.0,,4.05,0.0,-100.0
225000091056,R1T,2200,R2T,3500,2023-09-20 10:07:23,129.4,129.4,194.1,129.4,129.4,194.1,258.8,129.4,220.0,275.0,275.0,110.0,269.0,214.0,,161.75,227.16666666666663,40.44
225010003228,R1,1300,R1,2200,2023-09-20 13:38:33,23.0,13.0,8.0,36.0,32.0,39.0,29.0,137.0,239.0,178.0,174.0,203.0,163.0,208.0,,39.625,194.16666666666663,390.01
225010023283,R1M,900,R1,1300,2023-09-20 14:31:52,139.0,196.0,188.0,216.0,171.0,173.0,185.0,235.0,375.0,289.0,351.0,247.0,348.0,411.0,,187.875,336.8333333333333,79.29
225010134042,R1,450,R1M,900,2023-09-20 15:49:31,302.0,328.0,347.0,378.0,344.0,367.0,363.0,293.0,301.0,281.0,275.0,242.0,266.0,253.0,,340.25,269.6666666666667,-20.74
225010071418,R1,1300,R1,2200,2023-09-20 16:22:44,777.0,1017.0,1275.0,1247.0,1075.0,1006.0,1091.0,1129.0,900.0,979.0,960.0,988.0,1010.0,1030.0,,1077.125,977.8333333333334,-9.22
225000356541,R1T,2200,R2T,3500,2023-09-21 08:44:20,323.5,1294.0,905.8,650.3,650.3,1294.0,650.3,1197.0,1100.0,1100.0,1100.0,825.0,1070.0,538.1,,870.65,955.5166666666668,9.75
225000118569,R1MT,900,R2T,5500,2023-09-21 10:13:23,345.7,345.7,345.7,0.0,345.7,484.0,484.0,345.7,825.0,275.0,550.0,550.0,535.0,642.0,,337.0625,562.8333333333334,66.98
225000118593,R1MT,900,R1T,2200,2023-09-21 10:50:43,207.5,207.6,276.7,345.8,290.90000000000003,138.3,276.6,302.3,258.8,258.8,388.2000000000001,323.6,381.2000000000001,440.7000000000001,,255.7125,341.8833333333334,33.7
225010143940,B1,900,B1,1300,2023-09-21 14:44:47,585.0,663.0,746.0,949.0,874.0,928.0,943.0,900.0,746.0,648.0,415.0,409.0,375.0,454.0,,823.5,507.8333333333333,-38.33
225010136827,R1,450,R1M,900,2023-09-21 16:13:46,531.0,514.0,569.0,675.0,596.0,588.0,628.0,644.0,673.0,640.0,598.0,639.0,577.0,635.0,,593.125,627.0,5.71
225174751934,S2,2200,S2,5500,2023-09-22 03:40:32,329.0,338.0,152.0,42.0,83.0,80.0,112.0,209.0,1202.0,1453.0,1179.0,985.0,1678.0,1421.0,,168.125,1319.6666666666667,684.93
225000411301,R1MT,900,R1T,2200,2023-09-22 09:15:37,0.0,34.6,0.0,0.0,0.0,0.0,0.0,0.0,258.8,129.4,323.5,271.9,298.1,251.8,,4.325,255.58333333333331,5809.44
225000285788,R2T,3500,R2T,5500,2023-09-23 18:51:33,330.0,385.0,165.0,165.0,330.0,247.5,247.5,275.0,340.0,255.0,382.5,357.0,255.0,335.5,,268.125,320.8333333333333,19.66
225000343710,R1T,1300,R1T,2200,2023-09-24 23:29:15,129.4,194.1,194.1,194.1,129.4,129.4,64.7,129.4,0.0,64.7,129.4,64.7,63.0,126.0,,145.57500000000002,74.63333333333334,-48.73
225010062070,R1,2200,R2,3500,2023-09-24 23:33:24,685.0,665.0,568.0,771.0,631.0,776.0,818.0,950.0,1070.0,1066.0,1026.0,890.0,817.0,1167.0,,733.0,1006.0,37.24
225000414996,B1T,900,B1T,2200,2023-09-25 09:29:59,296.7,59.4,296.7,623.1,445.1,593.5,370.9,572.6,594.9,509.9,679.9,679.9,340.0,495.9,,407.25,550.0833333333334,35.07
225032020421,S2,450,S2,900,2023-09-25 13:25:23,11.0,16.0,22.0,13.0,12.0,12.0,11.0,13.0,22.0,15.0,15.0,18.0,19.0,29.0,,13.75,19.666666666666668,43.03
225000145431,P1T,1300,P1T,3500,2023-09-25 13:43:47,445.5,0.0,0.0,450.0,0.0,0.0,0.0,0.0,0.0,0.0,0.0,0.0,0.0,185.9,,111.9375,30.98333333333333,-72.32
225010143177,R1M,900,R1,1300,2023-09-25 14:06:43,677.0,783.0,750.0,901.0,806.0,783.0,703.0,627.0,759.0,702.0,782.0,670.0,389.0,692.0,,753.75,665.6666666666666,-11.69
225010062602,R1M,900,R1,2200,2023-09-25 14:23:32,504.0,552.0,445.0,617.0,677.0,592.0,685.0,848.0,919.0,971.0,1134.0,1056.0,1032.0,1254.0,,615.0,1061.0,72.52
225000264277,R1T,2200,R2T,3500,2023-09-25 14:25:19,258.8,258.8,226.50000000000003,258.8,258.8,258.8,258.8,277.9,220.0,220.0,220.0,220.0,267.5,214.0,,257.15000000000003,226.91666666666663,-11.76
225000378329,S2T,900,S2T,3500,2023-09-25 19:21:01,205.5,0.0,0.0,205.5,0.0,205.5,205.5,205.5,103.9,207.7,0.0,103.9,101.1,101.1,,128.4375,102.95,-19.84
225010004317,R1M,900,R1,1300,2023-09-26 09:24:21,185.0,242.0,273.0,260.0,273.0,298.0,273.0,271.0,365.0,446.0,398.0,415.0,444.0,353.0,,259.375,403.5,55.57
225115255711,R1T,450,R1MT,900,2023-09-26 10:41:01,112.6,225.2,225.2,225.2,270.29999999999995,270.29999999999995,315.40000000000003,384.6,464.1,138.4,138.4,138.4,135.70000000000002,148.2,,253.6,193.86666666666667,-23.55
225000079790,R1T,450,R1MT,900,2023-09-26 10:41:35,112.6,112.6,112.6,112.6,0.0,112.6,112.6,161.5,132.4,149.0,161.00000000000003,97.8,116.4,114.6,,104.6375,128.53333333333333,22.84
225000430596,B1T,900,B1T,2200,2023-09-26 14:37:57,0.0,0.0,0.0,0.0,0.0,0.0,0.0,296.8,102.0,340.0,187.0,255.0,255.0,167.7,,37.1,217.78333333333333,487.02
225010153694,R1MT,900,R1T,1300,2023-09-26 15:30:08,103.8,173.0,118.1,152.70000000000002,173.0,69.2,207.6,69.2,172.0,194.1,129.4,129.4,158.4,189.0,,133.325,162.04999999999998,21.55
225010022329,R1MT,900,R1T,1300,2023-09-27 07:59:56,163.30000000000004,185.90000000000003,171.60000000000002,171.60000000000002,157.3,157.3,157.3,167.0,168.8,207.7,194.8,169.0,166.7,169.0,,166.41250000000002,179.33333333333334,7.76
225000284928,R1T,450,R1T,900,2023-09-27 08:06:25,0.0,45.1,45.1,45.1,0.0,45.1,45.1,189.9,77.3,77.3,77.3,154.6,75.2,150.4,,51.925,102.01666666666668,96.47
225000014243,R1T,450,R2T,3500,2023-09-27 09:46:05,90.2,225.5,90.2,180.4,180.4,0.0,0.0,0.0,27.5,82.5,82.5,82.5,53.6,53.6,,95.8375,63.70000000000001,-33.53
225000401501,R1MT,900,R1T,1300,2023-09-27 10:30:30,138.4,207.6,138.4,276.6,207.5,138.3,138.3,267.8,129.4,129.4,194.1,129.4,160.9,251.8,,189.1125,165.83333333333334,-12.31
225010081396,R1,450,R1M,900,2023-09-27 10:36:52,44.0,3.0,2.0,2.0,2.0,2.0,1.0,9.0,32.0,0.0,0.0,0.0,0.0,0.0,,8.125,5.333333333333333,-34.36
225010127231,R1M,900,R1,1300,2023-09-29 10:39:26,555.0,662.0,748.0,780.0,730.0,687.0,773.0,688.0,706.0,695.0,776.0,846.0,675.0,892.0,,702.875,765.0,8.84
225010079083,B1T,3500,B1T,5500,2023-09-29 14:32:33,510.0,680.0,680.0,595.0,680.0,680.0,595.0,510.0,680.0,680.0,510.0,425.0,680.0,665.9000000000001,,616.25,606.8166666666667,-1.53
225000154375,B1T,2200,B1T,5500,2023-09-29 14:34:13,510.0,909.5,892.5,935.0,1037.0,952.0,1105.0,799.0,892.5,935.0,807.5,765.0,765.0,500.6,,892.5,777.6,-12.87
225000369832,R1MT,900,R1T,1300,2023-09-29 15:11:35,207.6,207.6,207.6,242.2,276.8,325.70000000000005,346.00000000000006,311.40000000000003,356.29999999999995,355.9,323.9,421.1999999999999,382.5,378.0,,265.6125,369.63333333333327,39.16
225000302198,R1T,1300,R2T,3500,2023-10-30 13:54:34,129.6,161.89999999999998,129.6,97.2,64.8,129.6,129.6,226.5,220.0,220.0,165.0,160.6,133.9,,,133.6,179.9,34.66
225165501936,R1T,450,R1MT,900,2023-10-31 09:21:56,225.2,225.2,225.2,225.2,225.2,225.2,225.2,225.2,345.9,346.0,276.8,340.3,336.5,,,225.2,329.1,46.14
225010164248,R1T,1300,R2T,5500,2023-10-31 13:35:36,194.2,97.2,258.8,129.6,129.6,194.3,129.5,221.6,110.0,165.0,165.0,160.5,160.5,,,169.35,152.2,-10.13
225010160194,B1T,900,B1T,2200,2023-10-31 13:35:54,148.4,148.4,148.4,222.6,148.4,148.4,222.6,233.4,170.0,170.0,255.0,255.0,206.8,,,177.575,211.36,19.03
225000204900,R1MT,900,R2T,4400,2023-11-01 10:02:41,83.5,175.3,203.9,138.3,173.0,103.8,173.0,368.5,605.0,330.0,439.1,321.0,,,,177.4125,423.775,138.86
225010135450,R1MT,900,R1T,2200,2023-11-01 17:02:30,138.3,0.0,138.3,0.0,138.3,138.3,0.0,267.70000000000005,258.8,517.6,323.5,251.8,,,,102.6125,337.925,229.32
225000068487,R1T,450,R1T,2200,2023-11-06 08:05:04,135.3,157.7,157.7,0.0,157.7,0.0,0.0,0.0,32.4,45.4,95.4,157.5,,,,76.05,82.675,8.71
225105753442,B1T,3500,B1T,5500,2023-11-06 09:56:43,170.0,85.0,85.0,170.0,85.0,255.0,85.0,85.0,85.0,0.0,0.0,82.7,,,,127.5,41.925,-67.12
225094251412,S2,2200,S2,5500,2023-11-06 10:57:23,42.0,142.0,7.0,113.0,190.0,228.0,245.0,409.0,145.0,161.0,149.0,228.0,,,,172.0,170.75,-0.73
225000262527,R1T,450,R1T,900,2023-11-06 11:03:48,135.3,135.3,90.2,180.4,90.2,180.4,157.7,231.9,231.9,231.9,258.6,150.5,,,,150.175,218.225,45.31
225000131624,B1T,4400,B1T,5500,2023-11-06 14:35:06,850.0,680.0,935.0,934.9,594.9,680.0,1020.0,977.3,854.0999999999999,510.0,1529.6999999999998,748.6,,,,834.0125,910.6,9.18
225000134759,B1T,900,B1T,2200,2023-11-06 14:39:15,296.7,304.2,304.2,304.2,296.7,326.4,296.7,414.2,680.0,680.0,680.0,838.2,,,,317.9125,719.55,126.34
225000145415,P1T,1300,P1T,5500,2023-11-07 06:20:10,445.5,0.0,178.2,312.0,267.29999999999995,178.2,267.29999999999995,744.1,0.0,0.0,304.20000000000005,359.70000000000005,,,,299.075,165.97500000000002,-44.5
225000362629,R1MT,900,R1T,2200,2023-11-08 10:40:26,0.0,138.3,138.3,0.0,0.0,0.0,0.0,138.3,129.4,0.0,188.9,125.9,,,,51.8625,111.05,114.12
225000289779,R1MT,900,R1T,2200,2023-11-09 10:40:07,276.8,276.8,346.0,346.0,311.4,276.8,415.2,459.8,485.5,420.7000000000001,412.9,378.0,,,,338.6,424.275,25.3
225000278275,R1MT,900,R1T,1300,2023-11-09 13:24:58,34.6,34.6,34.6,34.6,69.2,69.2,34.6,79.1,97.2,129.6,126.9,157.5,,,,48.8125,127.8,161.82
225000043006,R1MT,900,R1T,2200,2023-11-09 13:54:59,345.8,484.0,207.5,276.6,345.90000000000003,276.6,415.0,258.8,517.6,517.6,381.4,535.5,,,,326.275,488.025,49.57
225010133256,R1,450,R1,1300,2023-11-10 09:08:04,183.0,190.0,165.0,182.0,157.0,149.0,152.0,171.0,217.0,216.0,189.0,224.0,,,,168.625,211.5,25.43
225063261730,S2,450,S2,2200,2023-11-12 18:42:59,270.0,295.0,212.0,218.0,275.0,242.0,139.0,124.0,131.0,133.0,110.0,180.0,,,,221.875,138.5,-37.58
225010061468,R1,450,R1M,900,2023-11-13 08:40:04,238.0,139.0,116.0,189.0,310.0,309.0,266.0,236.0,278.0,252.0,261.0,261.0,,,,225.375,263.0,16.69
225010084392,R1,450,R1,1300,2023-11-13 09:27:51,136.0,157.0,115.0,108.0,116.0,105.0,121.0,172.0,225.0,208.0,130.0,133.0,,,,128.75,174.0,35.15
225000420045,R1T,1300,R2T,5500,2023-11-13 10:19:52,129.4,129.4,129.4,129.4,226.50000000000003,161.8,194.1,420.6,275.0,0.0,535.0,0.0,,,,190.075,202.5,6.54
225000248211,R1MT,900,R1T,2200,2023-11-13 10:35:26,553.4,463.9,602.3000000000002,553.6,588.1000000000001,622.4000000000001,553.4,635.4,510.0,595.0,425.0,625.9000000000001,,,,571.5625,538.975,-5.7
225010042102,R1,450,R1M,900,2023-11-14 11:04:29,375.0,380.0,388.0,335.0,343.0,322.0,363.0,372.0,419.0,280.0,317.0,309.0,,,,359.75,331.25,-7.92
225010044985,S2T,900,S2T,3500,2023-11-14 14:05:52,0.0,421.2,421.2,421.2,0.0,410.9,0.0,928.0,0.0,0.0,303.2,404.3,,,,325.3125,176.875,-45.63
225000403314,R1T,1300,R1T,2200,2023-11-15 09:10:10,32.4,0.0,32.4,64.7,64.7,129.4,129.4,0.0,64.7,129.4,0.0,63.0,,,,56.625,64.275,13.51
225010050458,R1T,1300,R1T,2200,2023-11-15 13:52:08,226.50000000000003,284.8,194.3,194.2,239.5,258.8,258.8,291.20000000000005,271.8,323.5,222.2,314.8,,,,243.5125,283.075,16.25
225115250033,B1,900,B1,3500,2023-11-16 08:02:41,637.0,641.0,620.0,631.0,688.0,619.0,629.0,624.0,640.0,654.0,640.0,645.0,,,,636.125,644.75,1.36
225000236702,R1MT,900,R2T,5500,2023-11-16 10:29:28,0.0,0.0,14.3,0.0,0.0,0.0,69.2,69.2,0.0,0.0,267.5,413.3,,,,19.0875,170.2,791.68
225000228239,R1MT,900,R2T,5500,2023-11-16 11:18:56,0.0,0.0,0.0,0.0,0.0,0.0,0.0,117.1,357.5,385.0,429.5,428.0,,,,14.6375,400.0,2632.71
225000256519,B1T,900,B1T,2200,2023-11-16 14:59:52,0.0,304.2,0.0,304.2,0.0,0.0,296.7,499.1,0.0,0.0,0.0,165.3,,,,175.52499999999998,41.325,-76.46
225000228247,R1MT,900,R2T,5500,2023-11-16 15:50:53,69.2,138.4,138.4,138.4,69.2,0.0,0.0,0.0,0.0,0.0,80.3,80.3,,,,69.2,40.15,-41.98
225010121677,S2,1300,S2,2200,2023-11-20 09:17:12,119.0,177.0,143.0,156.0,207.0,213.0,222.0,198.0,154.0,190.0,195.0,175.0,,,,179.375,178.5,-0.49
225000402241,R1T,1300,R2T,5500,2023-11-20 10:47:33,0.0,129.4,0.0,129.4,0.0,129.4,129.4,32.4,110.0,0.0,107.0,0.0,,,,68.75,54.25,-21.09
225000374361,S2T,900,S2T,3500,2023-11-20 11:41:51,205.5,205.5,205.5,205.5,205.5,0.0,205.5,349.40000000000003,0.0,155.9,166.8,222.4,,,,197.8,136.275,-31.1
225000092423,R1MT,900,R1T,2200,2023-11-20 12:54:37,83.5,0.0,34.6,0.0,0.0,69.2,103.8,138.4,64.7,129.4,63.0,94.5,,,,53.6875,87.9,63.73
225000274682,B1T,2200,B1T,5500,2023-11-20 13:30:09,170.0,170.0,170.0,170.0,170.0,170.0,170.0,127.5,170.0,170.0,255.0,165.4,,,,164.6875,190.1,15.43
225010097356,R1M,900,R1,2200,2023-11-21 08:53:11,405.0,451.0,336.0,358.0,380.0,413.0,457.0,453.0,409.0,421.0,398.0,411.0,,,,406.625,409.75,0.77
225000358171,S2T,450,S2T,900,2023-11-21 14:13:48,143.8,0.0,143.8,0.0,143.8,143.8,0.0,143.8,102.8,102.8,179.6,119.7,,,,89.875,126.225,40.45
225021540759,R1,450,R1,900,2023-11-23 10:11:02,220.0,356.0,286.0,287.0,278.0,295.0,340.0,324.0,317.0,358.0,352.0,357.0,,,,298.25,346.0,16.01
225010137289,R1,450,R1M,900,2023-11-23 14:17:39,262.0,181.0,156.0,178.0,160.0,207.0,360.0,431.0,326.0,288.0,279.0,355.0,,,,241.875,312.0,28.99
225010084661,R1M,900,R1,1300,2023-11-24 06:53:30,127.0,142.0,101.0,102.0,112.0,109.0,123.0,111.0,110.0,85.0,97.0,132.0,,,,115.875,106.0,-8.52
225087280171,R1,450,R1,900,2023-11-24 09:23:42,345.0,361.0,327.0,360.0,347.0,327.0,350.0,358.0,347.0,337.0,301.0,337.0,,,,346.875,330.5,-4.72
225087291331,R1,450,R1M,900,2023-11-24 09:24:17,368.0,399.0,360.0,368.0,352.0,344.0,429.0,392.0,367.0,382.0,316.0,376.0,,,,376.5,360.25,-4.32
225000228541,R1T,1300,R1T,2200,2023-11-24 14:02:57,64.8,32.4,64.8,32.4,32.4,64.8,64.8,81.8,59.5,85.0,42.5,83.9,,,,54.77499999999999,67.725,23.64
225010136685,B1,2200,B1,3500,2023-11-24 14:46:55,120.0,345.0,573.0,169.0,188.0,247.0,540.0,955.0,783.0,397.0,460.0,455.0,,,,392.125,523.75,33.57
225000417259,B1T,1300,B1T,5500,2023-11-25 10:23:03,38.8,48.4,48.4,0.0,48.4,48.4,48.4,48.4,170.0,0.0,85.0,167.7,,,,41.15,105.675,156.8
225000436270,B1T,2200,B1T,5500,2023-11-26 12:41:03,0.0,0.0,0.0,0.0,0.0,0.0,0.0,85.0,85.0,17.0,17.0,17.0,,,,10.625,34.0,220.0
225010104920,R1,450,R1,1300,2023-11-27 08:27:35,285.0,271.0,323.0,254.0,280.0,277.0,277.0,319.0,312.0,248.0,293.0,248.0,,,,285.75,275.25,-3.67
225000228254,R1MT,900,R2T,5500,2023-11-27 09:23:45,0.0,0.0,0.0,0.0,0.0,0.0,0.0,48.900000000000006,0.0,0.0,267.5,0.0,,,,6.112500000000001,66.875,994.07
225165500186,R1T,450,R1T,900,2023-11-27 10:42:42,112.6,225.2,112.6,225.2,112.6,225.2,225.2,469.9,231.9,231.9,229.8,300.8,,,,213.5625,248.6,16.41
225000174523,R1T,1300,R2T,3500,2023-11-27 13:17:28,323.5,647.0,339.8,647.0,873.4999999999999,905.8000000000002,905.8,931.8,1100.0,1100.0,1177.0,1073.1,,,,696.775,1112.525,59.67
225000415773,B1T,900,B1T,5500,2023-11-27 15:27:33,148.4,296.8,148.4,252.3,504.6,207.8,549.1,326.5,382.5,382.5,425.0,457.1,,,,304.2375,411.775,35.35
225000421851,B1T,900,B1T,2200,2023-11-28 09:04:36,0.0,148.4,0.0,148.4,148.4,148.4,0.0,148.4,85.0,85.0,170.0,165.3,,,,92.75,126.325,36.2
225000325717,R1MT,900,R1T,1300,2023-11-28 09:16:12,0.0,0.0,0.0,69.2,0.0,0.0,28.6,133.9,323.5,323.5,253.7,346.5,,,,28.9625,311.8,976.56
225010018642,S2,900,S2,3500,2023-11-28 11:06:45,749.0,492.0,505.0,483.0,453.0,470.0,497.0,473.0,475.0,481.0,479.0,622.0,,,,515.25,514.25,-0.19
225000313659,R1MT,900,R2T,5500,2023-11-28 12:02:26,0.0,0.0,0.0,34.6,0.0,0.0,0.0,34.6,0.0,0.0,0.0,0.0,,,,8.65,0.0,-100.0
225000407164,R1MT,900,R1T,1300,2023-11-28 13:31:22,0.0,14.3,69.2,0.0,0.0,138.4,207.6,311.40000000000003,194.1,258.8,253.7,252.0,,,,92.6125,239.65,158.77
225010055555,B1,900,B1,1300,2023-11-28 14:24:34,617.0,692.0,649.0,621.0,680.0,660.0,704.0,394.0,336.0,351.0,325.0,347.0,,,,627.125,339.75,-45.82
225052764779,S2,450,S2,1300,2023-11-28 19:21:17,115.0,71.0,90.0,85.0,86.0,87.0,101.0,96.0,73.0,89.0,93.0,154.0,,,,91.375,102.25,11.9
225000437311,R1T,1300,R2T,5500,2023-11-29 08:00:43,0.0,0.0,0.0,0.0,0.0,0.0,0.0,32.4,0.0,0.0,0.0,0.0,,,,4.05,0.0,-100.0
225000385640,R1T,1300,R1T,2200,2023-11-29 13:47:50,129.4,129.4,0.0,161.8,129.4,0.0,129.4,129.4,129.4,129.4,125.9,125.9,,,,101.1,127.65,26.26
225000327929,R1MT,900,R3T,7700,2023-11-30 08:38:53,0.0,0.0,0.0,0.0,0.0,69.2,0.0,34.6,0.0,149.7,148.5,146.10000000000002,,,,12.975,111.075,756.07
225010158144,B1T,3500,B1T,5500,2023-11-30 13:36:33,866.7,854.0,0.0,854.0,854.0,934.7,849.7,892.2,1274.6,1699.4,424.9,1263.0,,,,763.1625,1165.475,52.72
225000165829,B1T,900,B1T,1300,2023-11-30 14:41:10,59.4,118.8,118.8,118.8,178.1,59.4,89.1,74.2,87.19999999999999,96.8,96.8,106.3,,,,102.075,96.775,-5.19
225115255864,R1T,450,R1T,2200,2023-11-30 15:51:45,225.2,112.6,225.2,225.2,225.2,225.2,315.40000000000003,315.40000000000003,530.6,517.6,507.1,503.6,,,,233.675,514.725,120.27
225010102975,P1,2200,P1,3500,2023-11-30 22:45:52,1653.0,2056.0,1982.0,1821.0,1588.0,1668.0,1931.0,1764.0,1592.0,1415.0,1293.0,1371.0,,,,1807.875,1417.75,-21.58
225157003029,P1,1300,P1,2200,2023-11-30 22:46:32,1275.0,1426.0,1066.0,961.0,977.0,1190.0,1210.0,1200.0,1231.0,1156.0,1196.0,1195.0,,,,1163.125,1194.5,2.7
225021506949,P1,900,P1,1300,2023-11-30 22:47:14,770.0,509.0,496.0,498.0,557.0,759.0,731.0,670.0,514.0,637.0,598.0,777.0,,,,623.75,631.5,1.24
